The system is: Linux - 5.15.0-156-generic - x86_64
Compiling the C compiler identification source file "CMakeCCompilerId.c" succeeded.
Compiler: /usr/bin/cc 
Build flags: 
Id flags:  

The output was:
0


Compilation of the C compiler identification source "CMakeCCompilerId.c" produced "a.out"

The C compiler identification is GNU, found in "/var/www/html/portal/build/mysql-connector-odbc/build/CMakeFiles/3.22.1/CompilerIdC/a.out"

Compiling the CXX compiler identification source file "CMakeCXXCompilerId.cpp" succeeded.
Compiler: /usr/bin/c++ 
Build flags: 
Id flags:  

The output was:
0


Compilation of the CXX compiler identification source "CMakeCXXCompilerId.cpp" produced "a.out"

The CXX compiler identification is GNU, found in "/var/www/html/portal/build/mysql-connector-odbc/build/CMakeFiles/3.22.1/CompilerIdCXX/a.out"

Detecting C compiler ABI info compiled with the following output:
Change Dir: /var/www/html/portal/build/mysql-connector-odbc/build/CMakeFiles/CMakeTmp

Run Build Command(s):/usr/bin/gmake -f Makefile cmTC_77351/fast && /usr/bin/gmake  -f CMakeFiles/cmTC_77351.dir/build.make CMakeFiles/cmTC_77351.dir/build
gmake[1]: Entering directory '/var/www/html/portal/build/mysql-connector-odbc/build/CMakeFiles/CMakeTmp'
Building C object CMakeFiles/cmTC_77351.dir/CMakeCCompilerABI.c.o
/usr/bin/cc   -v -o CMakeFiles/cmTC_77351.dir/CMakeCCompilerABI.c.o -c /usr/share/cmake-3.22/Modules/CMakeCCompilerABI.c
Using built-in specs.
COLLECT_GCC=/usr/bin/cc
OFFLOAD_TARGET_NAMES=nvptx-none:amdgcn-amdhsa
OFFLOAD_TARGET_DEFAULT=1
Target: x86_64-linux-gnu
Configured with: ../src/configure -v --with-pkgversion='Ubuntu 11.4.0-1ubuntu1~22.04.2' --with-bugurl=file:///usr/share/doc/gcc-11/README.Bugs --enable-languages=c,ada,c++,go,brig,d,fortran,objc,obj-c++,m2 --prefix=/usr --with-gcc-major-version-only --program-suffix=-11 --program-prefix=x86_64-linux-gnu- --enable-shared --enable-linker-build-id --libexecdir=/usr/lib --without-included-gettext --enable-threads=posix --libdir=/usr/lib --enable-nls --enable-bootstrap --enable-clocale=gnu --enable-libstdcxx-debug --enable-libstdcxx-time=yes --with-default-libstdcxx-abi=new --enable-gnu-unique-object --disable-vtable-verify --enable-plugin --enable-default-pie --with-system-zlib --enable-libphobos-checking=release --with-target-system-zlib=auto --enable-objc-gc=auto --enable-multiarch --disable-werror --enable-cet --with-arch-32=i686 --with-abi=m64 --with-multilib-list=m32,m64,mx32 --enable-multilib --with-tune=generic --enable-offload-targets=nvptx-none=/build/gcc-11-2Y5pKs/gcc-11-11.4.0/debian/tmp-nvptx/usr,amdgcn-amdhsa=/build/gcc-11-2Y5pKs/gcc-11-11.4.0/debian/tmp-gcn/usr --without-cuda-driver --enable-checking=release --build=x86_64-linux-gnu --host=x86_64-linux-gnu --target=x86_64-linux-gnu --with-build-config=bootstrap-lto-lean --enable-link-serialization=2
Thread model: posix
Supported LTO compression algorithms: zlib zstd
gcc version 11.4.0 (Ubuntu 11.4.0-1ubuntu1~22.04.2) 
COLLECT_GCC_OPTIONS='-v' '-o' 'CMakeFiles/cmTC_77351.dir/CMakeCCompilerABI.c.o' '-c' '-mtune=generic' '-march=x86-64' '-dumpdir' 'CMakeFiles/cmTC_77351.dir/'
 /usr/lib/gcc/x86_64-linux-gnu/11/cc1 -quiet -v -imultiarch x86_64-linux-gnu /usr/share/cmake-3.22/Modules/CMakeCCompilerABI.c -quiet -dumpdir CMakeFiles/cmTC_77351.dir/ -dumpbase CMakeCCompilerABI.c.c -dumpbase-ext .c -mtune=generic -march=x86-64 -version -fasynchronous-unwind-tables -fstack-protector-strong -Wformat -Wformat-security -fstack-clash-protection -fcf-protection -o /tmp/ccRWvqRK.s
GNU C17 (Ubuntu 11.4.0-1ubuntu1~22.04.2) version 11.4.0 (x86_64-linux-gnu)
	compiled by GNU C version 11.4.0, GMP version 6.2.1, MPFR version 4.1.0, MPC version 1.2.1, isl version isl-0.24-GMP

GGC heuristics: --param ggc-min-expand=100 --param ggc-min-heapsize=131072
ignoring nonexistent directory "/usr/local/include/x86_64-linux-gnu"
ignoring nonexistent directory "/usr/lib/gcc/x86_64-linux-gnu/11/include-fixed"
ignoring nonexistent directory "/usr/lib/gcc/x86_64-linux-gnu/11/../../../../x86_64-linux-gnu/include"
#include "..." search starts here:
#include <...> search starts here:
 /usr/lib/gcc/x86_64-linux-gnu/11/include
 /usr/local/include
 /usr/include/x86_64-linux-gnu
 /usr/include
End of search list.
GNU C17 (Ubuntu 11.4.0-1ubuntu1~22.04.2) version 11.4.0 (x86_64-linux-gnu)
	compiled by GNU C version 11.4.0, GMP version 6.2.1, MPFR version 4.1.0, MPC version 1.2.1, isl version isl-0.24-GMP

GGC heuristics: --param ggc-min-expand=100 --param ggc-min-heapsize=131072
Compiler executable checksum: 4011c2103cba78949d7e02d0f0047a3d
COLLECT_GCC_OPTIONS='-v' '-o' 'CMakeFiles/cmTC_77351.dir/CMakeCCompilerABI.c.o' '-c' '-mtune=generic' '-march=x86-64' '-dumpdir' 'CMakeFiles/cmTC_77351.dir/'
 as -v --64 -o CMakeFiles/cmTC_77351.dir/CMakeCCompilerABI.c.o /tmp/ccRWvqRK.s
GNU assembler version 2.38 (x86_64-linux-gnu) using BFD version (GNU Binutils for Ubuntu) 2.38
COMPILER_PATH=/usr/lib/gcc/x86_64-linux-gnu/11/:/usr/lib/gcc/x86_64-linux-gnu/11/:/usr/lib/gcc/x86_64-linux-gnu/:/usr/lib/gcc/x86_64-linux-gnu/11/:/usr/lib/gcc/x86_64-linux-gnu/
LIBRARY_PATH=/usr/lib/gcc/x86_64-linux-gnu/11/:/usr/lib/gcc/x86_64-linux-gnu/11/../../../x86_64-linux-gnu/:/usr/lib/gcc/x86_64-linux-gnu/11/../../../../lib/:/lib/x86_64-linux-gnu/:/lib/../lib/:/usr/lib/x86_64-linux-gnu/:/usr/lib/../lib/:/usr/lib/gcc/x86_64-linux-gnu/11/../../../:/lib/:/usr/lib/
COLLECT_GCC_OPTIONS='-v' '-o' 'CMakeFiles/cmTC_77351.dir/CMakeCCompilerABI.c.o' '-c' '-mtune=generic' '-march=x86-64' '-dumpdir' 'CMakeFiles/cmTC_77351.dir/CMakeCCompilerABI.c.'
Linking C executable cmTC_77351
/usr/bin/cmake -E cmake_link_script CMakeFiles/cmTC_77351.dir/link.txt --verbose=1
/usr/bin/cc  -v -rdynamic CMakeFiles/cmTC_77351.dir/CMakeCCompilerABI.c.o -o cmTC_77351 
Using built-in specs.
COLLECT_GCC=/usr/bin/cc
COLLECT_LTO_WRAPPER=/usr/lib/gcc/x86_64-linux-gnu/11/lto-wrapper
OFFLOAD_TARGET_NAMES=nvptx-none:amdgcn-amdhsa
OFFLOAD_TARGET_DEFAULT=1
Target: x86_64-linux-gnu
Configured with: ../src/configure -v --with-pkgversion='Ubuntu 11.4.0-1ubuntu1~22.04.2' --with-bugurl=file:///usr/share/doc/gcc-11/README.Bugs --enable-languages=c,ada,c++,go,brig,d,fortran,objc,obj-c++,m2 --prefix=/usr --with-gcc-major-version-only --program-suffix=-11 --program-prefix=x86_64-linux-gnu- --enable-shared --enable-linker-build-id --libexecdir=/usr/lib --without-included-gettext --enable-threads=posix --libdir=/usr/lib --enable-nls --enable-bootstrap --enable-clocale=gnu --enable-libstdcxx-debug --enable-libstdcxx-time=yes --with-default-libstdcxx-abi=new --enable-gnu-unique-object --disable-vtable-verify --enable-plugin --enable-default-pie --with-system-zlib --enable-libphobos-checking=release --with-target-system-zlib=auto --enable-objc-gc=auto --enable-multiarch --disable-werror --enable-cet --with-arch-32=i686 --with-abi=m64 --with-multilib-list=m32,m64,mx32 --enable-multilib --with-tune=generic --enable-offload-targets=nvptx-none=/build/gcc-11-2Y5pKs/gcc-11-11.4.0/debian/tmp-nvptx/usr,amdgcn-amdhsa=/build/gcc-11-2Y5pKs/gcc-11-11.4.0/debian/tmp-gcn/usr --without-cuda-driver --enable-checking=release --build=x86_64-linux-gnu --host=x86_64-linux-gnu --target=x86_64-linux-gnu --with-build-config=bootstrap-lto-lean --enable-link-serialization=2
Thread model: posix
Supported LTO compression algorithms: zlib zstd
gcc version 11.4.0 (Ubuntu 11.4.0-1ubuntu1~22.04.2) 
COMPILER_PATH=/usr/lib/gcc/x86_64-linux-gnu/11/:/usr/lib/gcc/x86_64-linux-gnu/11/:/usr/lib/gcc/x86_64-linux-gnu/:/usr/lib/gcc/x86_64-linux-gnu/11/:/usr/lib/gcc/x86_64-linux-gnu/
LIBRARY_PATH=/usr/lib/gcc/x86_64-linux-gnu/11/:/usr/lib/gcc/x86_64-linux-gnu/11/../../../x86_64-linux-gnu/:/usr/lib/gcc/x86_64-linux-gnu/11/../../../../lib/:/lib/x86_64-linux-gnu/:/lib/../lib/:/usr/lib/x86_64-linux-gnu/:/usr/lib/../lib/:/usr/lib/gcc/x86_64-linux-gnu/11/../../../:/lib/:/usr/lib/
COLLECT_GCC_OPTIONS='-v' '-rdynamic' '-o' 'cmTC_77351' '-mtune=generic' '-march=x86-64' '-dumpdir' 'cmTC_77351.'
 /usr/lib/gcc/x86_64-linux-gnu/11/collect2 -plugin /usr/lib/gcc/x86_64-linux-gnu/11/liblto_plugin.so -plugin-opt=/usr/lib/gcc/x86_64-linux-gnu/11/lto-wrapper -plugin-opt=-fresolution=/tmp/ccuahzAp.res -plugin-opt=-pass-through=-lgcc -plugin-opt=-pass-through=-lgcc_s -plugin-opt=-pass-through=-lc -plugin-opt=-pass-through=-lgcc -plugin-opt=-pass-through=-lgcc_s --build-id --eh-frame-hdr -m elf_x86_64 --hash-style=gnu --as-needed -export-dynamic -dynamic-linker /lib64/ld-linux-x86-64.so.2 -pie -z now -z relro -o cmTC_77351 /usr/lib/gcc/x86_64-linux-gnu/11/../../../x86_64-linux-gnu/Scrt1.o /usr/lib/gcc/x86_64-linux-gnu/11/../../../x86_64-linux-gnu/crti.o /usr/lib/gcc/x86_64-linux-gnu/11/crtbeginS.o -L/usr/lib/gcc/x86_64-linux-gnu/11 -L/usr/lib/gcc/x86_64-linux-gnu/11/../../../x86_64-linux-gnu -L/usr/lib/gcc/x86_64-linux-gnu/11/../../../../lib -L/lib/x86_64-linux-gnu -L/lib/../lib -L/usr/lib/x86_64-linux-gnu -L/usr/lib/../lib -L/usr/lib/gcc/x86_64-linux-gnu/11/../../.. CMakeFiles/cmTC_77351.dir/CMakeCCompilerABI.c.o -lgcc --push-state --as-needed -lgcc_s --pop-state -lc -lgcc --push-state --as-needed -lgcc_s --pop-state /usr/lib/gcc/x86_64-linux-gnu/11/crtendS.o /usr/lib/gcc/x86_64-linux-gnu/11/../../../x86_64-linux-gnu/crtn.o
COLLECT_GCC_OPTIONS='-v' '-rdynamic' '-o' 'cmTC_77351' '-mtune=generic' '-march=x86-64' '-dumpdir' 'cmTC_77351.'
gmake[1]: Leaving directory '/var/www/html/portal/build/mysql-connector-odbc/build/CMakeFiles/CMakeTmp'



Parsed C implicit include dir info from above output: rv=done
  found start of include info
  found start of implicit include info
    add: [/usr/lib/gcc/x86_64-linux-gnu/11/include]
    add: [/usr/local/include]
    add: [/usr/include/x86_64-linux-gnu]
    add: [/usr/include]
  end of search list found
  collapse include dir [/usr/lib/gcc/x86_64-linux-gnu/11/include] ==> [/usr/lib/gcc/x86_64-linux-gnu/11/include]
  collapse include dir [/usr/local/include] ==> [/usr/local/include]
  collapse include dir [/usr/include/x86_64-linux-gnu] ==> [/usr/include/x86_64-linux-gnu]
  collapse include dir [/usr/include] ==> [/usr/include]
  implicit include dirs: [/usr/lib/gcc/x86_64-linux-gnu/11/include;/usr/local/include;/usr/include/x86_64-linux-gnu;/usr/include]


Parsed C implicit link information from above output:
  link line regex: [^( *|.*[/\])(ld|CMAKE_LINK_STARTFILE-NOTFOUND|([^/\]+-)?ld|collect2)[^/\]*( |$)]
  ignore line: [Change Dir: /var/www/html/portal/build/mysql-connector-odbc/build/CMakeFiles/CMakeTmp]
  ignore line: []
  ignore line: [Run Build Command(s):/usr/bin/gmake -f Makefile cmTC_77351/fast && /usr/bin/gmake  -f CMakeFiles/cmTC_77351.dir/build.make CMakeFiles/cmTC_77351.dir/build]
  ignore line: [gmake[1]: Entering directory '/var/www/html/portal/build/mysql-connector-odbc/build/CMakeFiles/CMakeTmp']
  ignore line: [Building C object CMakeFiles/cmTC_77351.dir/CMakeCCompilerABI.c.o]
  ignore line: [/usr/bin/cc   -v -o CMakeFiles/cmTC_77351.dir/CMakeCCompilerABI.c.o -c /usr/share/cmake-3.22/Modules/CMakeCCompilerABI.c]
  ignore line: [Using built-in specs.]
  ignore line: [COLLECT_GCC=/usr/bin/cc]
  ignore line: [OFFLOAD_TARGET_NAMES=nvptx-none:amdgcn-amdhsa]
  ignore line: [OFFLOAD_TARGET_DEFAULT=1]
  ignore line: [Target: x86_64-linux-gnu]
  ignore line: [Configured with: ../src/configure -v --with-pkgversion='Ubuntu 11.4.0-1ubuntu1~22.04.2' --with-bugurl=file:///usr/share/doc/gcc-11/README.Bugs --enable-languages=c ada c++ go brig d fortran objc obj-c++ m2 --prefix=/usr --with-gcc-major-version-only --program-suffix=-11 --program-prefix=x86_64-linux-gnu- --enable-shared --enable-linker-build-id --libexecdir=/usr/lib --without-included-gettext --enable-threads=posix --libdir=/usr/lib --enable-nls --enable-bootstrap --enable-clocale=gnu --enable-libstdcxx-debug --enable-libstdcxx-time=yes --with-default-libstdcxx-abi=new --enable-gnu-unique-object --disable-vtable-verify --enable-plugin --enable-default-pie --with-system-zlib --enable-libphobos-checking=release --with-target-system-zlib=auto --enable-objc-gc=auto --enable-multiarch --disable-werror --enable-cet --with-arch-32=i686 --with-abi=m64 --with-multilib-list=m32 m64 mx32 --enable-multilib --with-tune=generic --enable-offload-targets=nvptx-none=/build/gcc-11-2Y5pKs/gcc-11-11.4.0/debian/tmp-nvptx/usr amdgcn-amdhsa=/build/gcc-11-2Y5pKs/gcc-11-11.4.0/debian/tmp-gcn/usr --without-cuda-driver --enable-checking=release --build=x86_64-linux-gnu --host=x86_64-linux-gnu --target=x86_64-linux-gnu --with-build-config=bootstrap-lto-lean --enable-link-serialization=2]
  ignore line: [Thread model: posix]
  ignore line: [Supported LTO compression algorithms: zlib zstd]
  ignore line: [gcc version 11.4.0 (Ubuntu 11.4.0-1ubuntu1~22.04.2) ]
  ignore line: [COLLECT_GCC_OPTIONS='-v' '-o' 'CMakeFiles/cmTC_77351.dir/CMakeCCompilerABI.c.o' '-c' '-mtune=generic' '-march=x86-64' '-dumpdir' 'CMakeFiles/cmTC_77351.dir/']
  ignore line: [ /usr/lib/gcc/x86_64-linux-gnu/11/cc1 -quiet -v -imultiarch x86_64-linux-gnu /usr/share/cmake-3.22/Modules/CMakeCCompilerABI.c -quiet -dumpdir CMakeFiles/cmTC_77351.dir/ -dumpbase CMakeCCompilerABI.c.c -dumpbase-ext .c -mtune=generic -march=x86-64 -version -fasynchronous-unwind-tables -fstack-protector-strong -Wformat -Wformat-security -fstack-clash-protection -fcf-protection -o /tmp/ccRWvqRK.s]
  ignore line: [GNU C17 (Ubuntu 11.4.0-1ubuntu1~22.04.2) version 11.4.0 (x86_64-linux-gnu)]
  ignore line: [	compiled by GNU C version 11.4.0  GMP version 6.2.1  MPFR version 4.1.0  MPC version 1.2.1  isl version isl-0.24-GMP]
  ignore line: []
  ignore line: [GGC heuristics: --param ggc-min-expand=100 --param ggc-min-heapsize=131072]
  ignore line: [ignoring nonexistent directory "/usr/local/include/x86_64-linux-gnu"]
  ignore line: [ignoring nonexistent directory "/usr/lib/gcc/x86_64-linux-gnu/11/include-fixed"]
  ignore line: [ignoring nonexistent directory "/usr/lib/gcc/x86_64-linux-gnu/11/../../../../x86_64-linux-gnu/include"]
  ignore line: [#include "..." search starts here:]
  ignore line: [#include <...> search starts here:]
  ignore line: [ /usr/lib/gcc/x86_64-linux-gnu/11/include]
  ignore line: [ /usr/local/include]
  ignore line: [ /usr/include/x86_64-linux-gnu]
  ignore line: [ /usr/include]
  ignore line: [End of search list.]
  ignore line: [GNU C17 (Ubuntu 11.4.0-1ubuntu1~22.04.2) version 11.4.0 (x86_64-linux-gnu)]
  ignore line: [	compiled by GNU C version 11.4.0  GMP version 6.2.1  MPFR version 4.1.0  MPC version 1.2.1  isl version isl-0.24-GMP]
  ignore line: []
  ignore line: [GGC heuristics: --param ggc-min-expand=100 --param ggc-min-heapsize=131072]
  ignore line: [Compiler executable checksum: 4011c2103cba78949d7e02d0f0047a3d]
  ignore line: [COLLECT_GCC_OPTIONS='-v' '-o' 'CMakeFiles/cmTC_77351.dir/CMakeCCompilerABI.c.o' '-c' '-mtune=generic' '-march=x86-64' '-dumpdir' 'CMakeFiles/cmTC_77351.dir/']
  ignore line: [ as -v --64 -o CMakeFiles/cmTC_77351.dir/CMakeCCompilerABI.c.o /tmp/ccRWvqRK.s]
  ignore line: [GNU assembler version 2.38 (x86_64-linux-gnu) using BFD version (GNU Binutils for Ubuntu) 2.38]
  ignore line: [COMPILER_PATH=/usr/lib/gcc/x86_64-linux-gnu/11/:/usr/lib/gcc/x86_64-linux-gnu/11/:/usr/lib/gcc/x86_64-linux-gnu/:/usr/lib/gcc/x86_64-linux-gnu/11/:/usr/lib/gcc/x86_64-linux-gnu/]
  ignore line: [LIBRARY_PATH=/usr/lib/gcc/x86_64-linux-gnu/11/:/usr/lib/gcc/x86_64-linux-gnu/11/../../../x86_64-linux-gnu/:/usr/lib/gcc/x86_64-linux-gnu/11/../../../../lib/:/lib/x86_64-linux-gnu/:/lib/../lib/:/usr/lib/x86_64-linux-gnu/:/usr/lib/../lib/:/usr/lib/gcc/x86_64-linux-gnu/11/../../../:/lib/:/usr/lib/]
  ignore line: [COLLECT_GCC_OPTIONS='-v' '-o' 'CMakeFiles/cmTC_77351.dir/CMakeCCompilerABI.c.o' '-c' '-mtune=generic' '-march=x86-64' '-dumpdir' 'CMakeFiles/cmTC_77351.dir/CMakeCCompilerABI.c.']
  ignore line: [Linking C executable cmTC_77351]
  ignore line: [/usr/bin/cmake -E cmake_link_script CMakeFiles/cmTC_77351.dir/link.txt --verbose=1]
  ignore line: [/usr/bin/cc  -v -rdynamic CMakeFiles/cmTC_77351.dir/CMakeCCompilerABI.c.o -o cmTC_77351 ]
  ignore line: [Using built-in specs.]
  ignore line: [COLLECT_GCC=/usr/bin/cc]
  ignore line: [COLLECT_LTO_WRAPPER=/usr/lib/gcc/x86_64-linux-gnu/11/lto-wrapper]
  ignore line: [OFFLOAD_TARGET_NAMES=nvptx-none:amdgcn-amdhsa]
  ignore line: [OFFLOAD_TARGET_DEFAULT=1]
  ignore line: [Target: x86_64-linux-gnu]
  ignore line: [Configured with: ../src/configure -v --with-pkgversion='Ubuntu 11.4.0-1ubuntu1~22.04.2' --with-bugurl=file:///usr/share/doc/gcc-11/README.Bugs --enable-languages=c ada c++ go brig d fortran objc obj-c++ m2 --prefix=/usr --with-gcc-major-version-only --program-suffix=-11 --program-prefix=x86_64-linux-gnu- --enable-shared --enable-linker-build-id --libexecdir=/usr/lib --without-included-gettext --enable-threads=posix --libdir=/usr/lib --enable-nls --enable-bootstrap --enable-clocale=gnu --enable-libstdcxx-debug --enable-libstdcxx-time=yes --with-default-libstdcxx-abi=new --enable-gnu-unique-object --disable-vtable-verify --enable-plugin --enable-default-pie --with-system-zlib --enable-libphobos-checking=release --with-target-system-zlib=auto --enable-objc-gc=auto --enable-multiarch --disable-werror --enable-cet --with-arch-32=i686 --with-abi=m64 --with-multilib-list=m32 m64 mx32 --enable-multilib --with-tune=generic --enable-offload-targets=nvptx-none=/build/gcc-11-2Y5pKs/gcc-11-11.4.0/debian/tmp-nvptx/usr amdgcn-amdhsa=/build/gcc-11-2Y5pKs/gcc-11-11.4.0/debian/tmp-gcn/usr --without-cuda-driver --enable-checking=release --build=x86_64-linux-gnu --host=x86_64-linux-gnu --target=x86_64-linux-gnu --with-build-config=bootstrap-lto-lean --enable-link-serialization=2]
  ignore line: [Thread model: posix]
  ignore line: [Supported LTO compression algorithms: zlib zstd]
  ignore line: [gcc version 11.4.0 (Ubuntu 11.4.0-1ubuntu1~22.04.2) ]
  ignore line: [COMPILER_PATH=/usr/lib/gcc/x86_64-linux-gnu/11/:/usr/lib/gcc/x86_64-linux-gnu/11/:/usr/lib/gcc/x86_64-linux-gnu/:/usr/lib/gcc/x86_64-linux-gnu/11/:/usr/lib/gcc/x86_64-linux-gnu/]
  ignore line: [LIBRARY_PATH=/usr/lib/gcc/x86_64-linux-gnu/11/:/usr/lib/gcc/x86_64-linux-gnu/11/../../../x86_64-linux-gnu/:/usr/lib/gcc/x86_64-linux-gnu/11/../../../../lib/:/lib/x86_64-linux-gnu/:/lib/../lib/:/usr/lib/x86_64-linux-gnu/:/usr/lib/../lib/:/usr/lib/gcc/x86_64-linux-gnu/11/../../../:/lib/:/usr/lib/]
  ignore line: [COLLECT_GCC_OPTIONS='-v' '-rdynamic' '-o' 'cmTC_77351' '-mtune=generic' '-march=x86-64' '-dumpdir' 'cmTC_77351.']
  link line: [ /usr/lib/gcc/x86_64-linux-gnu/11/collect2 -plugin /usr/lib/gcc/x86_64-linux-gnu/11/liblto_plugin.so -plugin-opt=/usr/lib/gcc/x86_64-linux-gnu/11/lto-wrapper -plugin-opt=-fresolution=/tmp/ccuahzAp.res -plugin-opt=-pass-through=-lgcc -plugin-opt=-pass-through=-lgcc_s -plugin-opt=-pass-through=-lc -plugin-opt=-pass-through=-lgcc -plugin-opt=-pass-through=-lgcc_s --build-id --eh-frame-hdr -m elf_x86_64 --hash-style=gnu --as-needed -export-dynamic -dynamic-linker /lib64/ld-linux-x86-64.so.2 -pie -z now -z relro -o cmTC_77351 /usr/lib/gcc/x86_64-linux-gnu/11/../../../x86_64-linux-gnu/Scrt1.o /usr/lib/gcc/x86_64-linux-gnu/11/../../../x86_64-linux-gnu/crti.o /usr/lib/gcc/x86_64-linux-gnu/11/crtbeginS.o -L/usr/lib/gcc/x86_64-linux-gnu/11 -L/usr/lib/gcc/x86_64-linux-gnu/11/../../../x86_64-linux-gnu -L/usr/lib/gcc/x86_64-linux-gnu/11/../../../../lib -L/lib/x86_64-linux-gnu -L/lib/../lib -L/usr/lib/x86_64-linux-gnu -L/usr/lib/../lib -L/usr/lib/gcc/x86_64-linux-gnu/11/../../.. CMakeFiles/cmTC_77351.dir/CMakeCCompilerABI.c.o -lgcc --push-state --as-needed -lgcc_s --pop-state -lc -lgcc --push-state --as-needed -lgcc_s --pop-state /usr/lib/gcc/x86_64-linux-gnu/11/crtendS.o /usr/lib/gcc/x86_64-linux-gnu/11/../../../x86_64-linux-gnu/crtn.o]
    arg [/usr/lib/gcc/x86_64-linux-gnu/11/collect2] ==> ignore
    arg [-plugin] ==> ignore
    arg [/usr/lib/gcc/x86_64-linux-gnu/11/liblto_plugin.so] ==> ignore
    arg [-plugin-opt=/usr/lib/gcc/x86_64-linux-gnu/11/lto-wrapper] ==> ignore
    arg [-plugin-opt=-fresolution=/tmp/ccuahzAp.res] ==> ignore
    arg [-plugin-opt=-pass-through=-lgcc] ==> ignore
    arg [-plugin-opt=-pass-through=-lgcc_s] ==> ignore
    arg [-plugin-opt=-pass-through=-lc] ==> ignore
    arg [-plugin-opt=-pass-through=-lgcc] ==> ignore
    arg [-plugin-opt=-pass-through=-lgcc_s] ==> ignore
    arg [--build-id] ==> ignore
    arg [--eh-frame-hdr] ==> ignore
    arg [-m] ==> ignore
    arg [elf_x86_64] ==> ignore
    arg [--hash-style=gnu] ==> ignore
    arg [--as-needed] ==> ignore
    arg [-export-dynamic] ==> ignore
    arg [-dynamic-linker] ==> ignore
    arg [/lib64/ld-linux-x86-64.so.2] ==> ignore
    arg [-pie] ==> ignore
    arg [-znow] ==> ignore
    arg [-zrelro] ==> ignore
    arg [-o] ==> ignore
    arg [cmTC_77351] ==> ignore
    arg [/usr/lib/gcc/x86_64-linux-gnu/11/../../../x86_64-linux-gnu/Scrt1.o] ==> obj [/usr/lib/gcc/x86_64-linux-gnu/11/../../../x86_64-linux-gnu/Scrt1.o]
    arg [/usr/lib/gcc/x86_64-linux-gnu/11/../../../x86_64-linux-gnu/crti.o] ==> obj [/usr/lib/gcc/x86_64-linux-gnu/11/../../../x86_64-linux-gnu/crti.o]
    arg [/usr/lib/gcc/x86_64-linux-gnu/11/crtbeginS.o] ==> obj [/usr/lib/gcc/x86_64-linux-gnu/11/crtbeginS.o]
    arg [-L/usr/lib/gcc/x86_64-linux-gnu/11] ==> dir [/usr/lib/gcc/x86_64-linux-gnu/11]
    arg [-L/usr/lib/gcc/x86_64-linux-gnu/11/../../../x86_64-linux-gnu] ==> dir [/usr/lib/gcc/x86_64-linux-gnu/11/../../../x86_64-linux-gnu]
    arg [-L/usr/lib/gcc/x86_64-linux-gnu/11/../../../../lib] ==> dir [/usr/lib/gcc/x86_64-linux-gnu/11/../../../../lib]
    arg [-L/lib/x86_64-linux-gnu] ==> dir [/lib/x86_64-linux-gnu]
    arg [-L/lib/../lib] ==> dir [/lib/../lib]
    arg [-L/usr/lib/x86_64-linux-gnu] ==> dir [/usr/lib/x86_64-linux-gnu]
    arg [-L/usr/lib/../lib] ==> dir [/usr/lib/../lib]
    arg [-L/usr/lib/gcc/x86_64-linux-gnu/11/../../..] ==> dir [/usr/lib/gcc/x86_64-linux-gnu/11/../../..]
    arg [CMakeFiles/cmTC_77351.dir/CMakeCCompilerABI.c.o] ==> ignore
    arg [-lgcc] ==> lib [gcc]
    arg [--push-state] ==> ignore
    arg [--as-needed] ==> ignore
    arg [-lgcc_s] ==> lib [gcc_s]
    arg [--pop-state] ==> ignore
    arg [-lc] ==> lib [c]
    arg [-lgcc] ==> lib [gcc]
    arg [--push-state] ==> ignore
    arg [--as-needed] ==> ignore
    arg [-lgcc_s] ==> lib [gcc_s]
    arg [--pop-state] ==> ignore
    arg [/usr/lib/gcc/x86_64-linux-gnu/11/crtendS.o] ==> obj [/usr/lib/gcc/x86_64-linux-gnu/11/crtendS.o]
    arg [/usr/lib/gcc/x86_64-linux-gnu/11/../../../x86_64-linux-gnu/crtn.o] ==> obj [/usr/lib/gcc/x86_64-linux-gnu/11/../../../x86_64-linux-gnu/crtn.o]
  collapse obj [/usr/lib/gcc/x86_64-linux-gnu/11/../../../x86_64-linux-gnu/Scrt1.o] ==> [/usr/lib/x86_64-linux-gnu/Scrt1.o]
  collapse obj [/usr/lib/gcc/x86_64-linux-gnu/11/../../../x86_64-linux-gnu/crti.o] ==> [/usr/lib/x86_64-linux-gnu/crti.o]
  collapse obj [/usr/lib/gcc/x86_64-linux-gnu/11/../../../x86_64-linux-gnu/crtn.o] ==> [/usr/lib/x86_64-linux-gnu/crtn.o]
  collapse library dir [/usr/lib/gcc/x86_64-linux-gnu/11] ==> [/usr/lib/gcc/x86_64-linux-gnu/11]
  collapse library dir [/usr/lib/gcc/x86_64-linux-gnu/11/../../../x86_64-linux-gnu] ==> [/usr/lib/x86_64-linux-gnu]
  collapse library dir [/usr/lib/gcc/x86_64-linux-gnu/11/../../../../lib] ==> [/usr/lib]
  collapse library dir [/lib/x86_64-linux-gnu] ==> [/lib/x86_64-linux-gnu]
  collapse library dir [/lib/../lib] ==> [/lib]
  collapse library dir [/usr/lib/x86_64-linux-gnu] ==> [/usr/lib/x86_64-linux-gnu]
  collapse library dir [/usr/lib/../lib] ==> [/usr/lib]
  collapse library dir [/usr/lib/gcc/x86_64-linux-gnu/11/../../..] ==> [/usr/lib]
  implicit libs: [gcc;gcc_s;c;gcc;gcc_s]
  implicit objs: [/usr/lib/x86_64-linux-gnu/Scrt1.o;/usr/lib/x86_64-linux-gnu/crti.o;/usr/lib/gcc/x86_64-linux-gnu/11/crtbeginS.o;/usr/lib/gcc/x86_64-linux-gnu/11/crtendS.o;/usr/lib/x86_64-linux-gnu/crtn.o]
  implicit dirs: [/usr/lib/gcc/x86_64-linux-gnu/11;/usr/lib/x86_64-linux-gnu;/usr/lib;/lib/x86_64-linux-gnu;/lib]
  implicit fwks: []


Detecting CXX compiler ABI info compiled with the following output:
Change Dir: /var/www/html/portal/build/mysql-connector-odbc/build/CMakeFiles/CMakeTmp

Run Build Command(s):/usr/bin/gmake -f Makefile cmTC_13403/fast && /usr/bin/gmake  -f CMakeFiles/cmTC_13403.dir/build.make CMakeFiles/cmTC_13403.dir/build
gmake[1]: Entering directory '/var/www/html/portal/build/mysql-connector-odbc/build/CMakeFiles/CMakeTmp'
Building CXX object CMakeFiles/cmTC_13403.dir/CMakeCXXCompilerABI.cpp.o
/usr/bin/c++   -v -o CMakeFiles/cmTC_13403.dir/CMakeCXXCompilerABI.cpp.o -c /usr/share/cmake-3.22/Modules/CMakeCXXCompilerABI.cpp
Using built-in specs.
COLLECT_GCC=/usr/bin/c++
OFFLOAD_TARGET_NAMES=nvptx-none:amdgcn-amdhsa
OFFLOAD_TARGET_DEFAULT=1
Target: x86_64-linux-gnu
Configured with: ../src/configure -v --with-pkgversion='Ubuntu 11.4.0-1ubuntu1~22.04.2' --with-bugurl=file:///usr/share/doc/gcc-11/README.Bugs --enable-languages=c,ada,c++,go,brig,d,fortran,objc,obj-c++,m2 --prefix=/usr --with-gcc-major-version-only --program-suffix=-11 --program-prefix=x86_64-linux-gnu- --enable-shared --enable-linker-build-id --libexecdir=/usr/lib --without-included-gettext --enable-threads=posix --libdir=/usr/lib --enable-nls --enable-bootstrap --enable-clocale=gnu --enable-libstdcxx-debug --enable-libstdcxx-time=yes --with-default-libstdcxx-abi=new --enable-gnu-unique-object --disable-vtable-verify --enable-plugin --enable-default-pie --with-system-zlib --enable-libphobos-checking=release --with-target-system-zlib=auto --enable-objc-gc=auto --enable-multiarch --disable-werror --enable-cet --with-arch-32=i686 --with-abi=m64 --with-multilib-list=m32,m64,mx32 --enable-multilib --with-tune=generic --enable-offload-targets=nvptx-none=/build/gcc-11-2Y5pKs/gcc-11-11.4.0/debian/tmp-nvptx/usr,amdgcn-amdhsa=/build/gcc-11-2Y5pKs/gcc-11-11.4.0/debian/tmp-gcn/usr --without-cuda-driver --enable-checking=release --build=x86_64-linux-gnu --host=x86_64-linux-gnu --target=x86_64-linux-gnu --with-build-config=bootstrap-lto-lean --enable-link-serialization=2
Thread model: posix
Supported LTO compression algorithms: zlib zstd
gcc version 11.4.0 (Ubuntu 11.4.0-1ubuntu1~22.04.2) 
COLLECT_GCC_OPTIONS='-v' '-o' 'CMakeFiles/cmTC_13403.dir/CMakeCXXCompilerABI.cpp.o' '-c' '-shared-libgcc' '-mtune=generic' '-march=x86-64' '-dumpdir' 'CMakeFiles/cmTC_13403.dir/'
 /usr/lib/gcc/x86_64-linux-gnu/11/cc1plus -quiet -v -imultiarch x86_64-linux-gnu -D_GNU_SOURCE /usr/share/cmake-3.22/Modules/CMakeCXXCompilerABI.cpp -quiet -dumpdir CMakeFiles/cmTC_13403.dir/ -dumpbase CMakeCXXCompilerABI.cpp.cpp -dumpbase-ext .cpp -mtune=generic -march=x86-64 -version -fasynchronous-unwind-tables -fstack-protector-strong -Wformat -Wformat-security -fstack-clash-protection -fcf-protection -o /tmp/cch6Mrdy.s
GNU C++17 (Ubuntu 11.4.0-1ubuntu1~22.04.2) version 11.4.0 (x86_64-linux-gnu)
	compiled by GNU C version 11.4.0, GMP version 6.2.1, MPFR version 4.1.0, MPC version 1.2.1, isl version isl-0.24-GMP

GGC heuristics: --param ggc-min-expand=100 --param ggc-min-heapsize=131072
ignoring duplicate directory "/usr/include/x86_64-linux-gnu/c++/11"
ignoring nonexistent directory "/usr/local/include/x86_64-linux-gnu"
ignoring nonexistent directory "/usr/lib/gcc/x86_64-linux-gnu/11/include-fixed"
ignoring nonexistent directory "/usr/lib/gcc/x86_64-linux-gnu/11/../../../../x86_64-linux-gnu/include"
#include "..." search starts here:
#include <...> search starts here:
 /usr/include/c++/11
 /usr/include/x86_64-linux-gnu/c++/11
 /usr/include/c++/11/backward
 /usr/lib/gcc/x86_64-linux-gnu/11/include
 /usr/local/include
 /usr/include/x86_64-linux-gnu
 /usr/include
End of search list.
GNU C++17 (Ubuntu 11.4.0-1ubuntu1~22.04.2) version 11.4.0 (x86_64-linux-gnu)
	compiled by GNU C version 11.4.0, GMP version 6.2.1, MPFR version 4.1.0, MPC version 1.2.1, isl version isl-0.24-GMP

GGC heuristics: --param ggc-min-expand=100 --param ggc-min-heapsize=131072
Compiler executable checksum: 6c87588fc345655b93b8c25f48f88886
COLLECT_GCC_OPTIONS='-v' '-o' 'CMakeFiles/cmTC_13403.dir/CMakeCXXCompilerABI.cpp.o' '-c' '-shared-libgcc' '-mtune=generic' '-march=x86-64' '-dumpdir' 'CMakeFiles/cmTC_13403.dir/'
 as -v --64 -o CMakeFiles/cmTC_13403.dir/CMakeCXXCompilerABI.cpp.o /tmp/cch6Mrdy.s
GNU assembler version 2.38 (x86_64-linux-gnu) using BFD version (GNU Binutils for Ubuntu) 2.38
COMPILER_PATH=/usr/lib/gcc/x86_64-linux-gnu/11/:/usr/lib/gcc/x86_64-linux-gnu/11/:/usr/lib/gcc/x86_64-linux-gnu/:/usr/lib/gcc/x86_64-linux-gnu/11/:/usr/lib/gcc/x86_64-linux-gnu/
LIBRARY_PATH=/usr/lib/gcc/x86_64-linux-gnu/11/:/usr/lib/gcc/x86_64-linux-gnu/11/../../../x86_64-linux-gnu/:/usr/lib/gcc/x86_64-linux-gnu/11/../../../../lib/:/lib/x86_64-linux-gnu/:/lib/../lib/:/usr/lib/x86_64-linux-gnu/:/usr/lib/../lib/:/usr/lib/gcc/x86_64-linux-gnu/11/../../../:/lib/:/usr/lib/
COLLECT_GCC_OPTIONS='-v' '-o' 'CMakeFiles/cmTC_13403.dir/CMakeCXXCompilerABI.cpp.o' '-c' '-shared-libgcc' '-mtune=generic' '-march=x86-64' '-dumpdir' 'CMakeFiles/cmTC_13403.dir/CMakeCXXCompilerABI.cpp.'
Linking CXX executable cmTC_13403
/usr/bin/cmake -E cmake_link_script CMakeFiles/cmTC_13403.dir/link.txt --verbose=1
/usr/bin/c++  -v -rdynamic CMakeFiles/cmTC_13403.dir/CMakeCXXCompilerABI.cpp.o -o cmTC_13403 
Using built-in specs.
COLLECT_GCC=/usr/bin/c++
COLLECT_LTO_WRAPPER=/usr/lib/gcc/x86_64-linux-gnu/11/lto-wrapper
OFFLOAD_TARGET_NAMES=nvptx-none:amdgcn-amdhsa
OFFLOAD_TARGET_DEFAULT=1
Target: x86_64-linux-gnu
Configured with: ../src/configure -v --with-pkgversion='Ubuntu 11.4.0-1ubuntu1~22.04.2' --with-bugurl=file:///usr/share/doc/gcc-11/README.Bugs --enable-languages=c,ada,c++,go,brig,d,fortran,objc,obj-c++,m2 --prefix=/usr --with-gcc-major-version-only --program-suffix=-11 --program-prefix=x86_64-linux-gnu- --enable-shared --enable-linker-build-id --libexecdir=/usr/lib --without-included-gettext --enable-threads=posix --libdir=/usr/lib --enable-nls --enable-bootstrap --enable-clocale=gnu --enable-libstdcxx-debug --enable-libstdcxx-time=yes --with-default-libstdcxx-abi=new --enable-gnu-unique-object --disable-vtable-verify --enable-plugin --enable-default-pie --with-system-zlib --enable-libphobos-checking=release --with-target-system-zlib=auto --enable-objc-gc=auto --enable-multiarch --disable-werror --enable-cet --with-arch-32=i686 --with-abi=m64 --with-multilib-list=m32,m64,mx32 --enable-multilib --with-tune=generic --enable-offload-targets=nvptx-none=/build/gcc-11-2Y5pKs/gcc-11-11.4.0/debian/tmp-nvptx/usr,amdgcn-amdhsa=/build/gcc-11-2Y5pKs/gcc-11-11.4.0/debian/tmp-gcn/usr --without-cuda-driver --enable-checking=release --build=x86_64-linux-gnu --host=x86_64-linux-gnu --target=x86_64-linux-gnu --with-build-config=bootstrap-lto-lean --enable-link-serialization=2
Thread model: posix
Supported LTO compression algorithms: zlib zstd
gcc version 11.4.0 (Ubuntu 11.4.0-1ubuntu1~22.04.2) 
COMPILER_PATH=/usr/lib/gcc/x86_64-linux-gnu/11/:/usr/lib/gcc/x86_64-linux-gnu/11/:/usr/lib/gcc/x86_64-linux-gnu/:/usr/lib/gcc/x86_64-linux-gnu/11/:/usr/lib/gcc/x86_64-linux-gnu/
LIBRARY_PATH=/usr/lib/gcc/x86_64-linux-gnu/11/:/usr/lib/gcc/x86_64-linux-gnu/11/../../../x86_64-linux-gnu/:/usr/lib/gcc/x86_64-linux-gnu/11/../../../../lib/:/lib/x86_64-linux-gnu/:/lib/../lib/:/usr/lib/x86_64-linux-gnu/:/usr/lib/../lib/:/usr/lib/gcc/x86_64-linux-gnu/11/../../../:/lib/:/usr/lib/
COLLECT_GCC_OPTIONS='-v' '-rdynamic' '-o' 'cmTC_13403' '-shared-libgcc' '-mtune=generic' '-march=x86-64' '-dumpdir' 'cmTC_13403.'
 /usr/lib/gcc/x86_64-linux-gnu/11/collect2 -plugin /usr/lib/gcc/x86_64-linux-gnu/11/liblto_plugin.so -plugin-opt=/usr/lib/gcc/x86_64-linux-gnu/11/lto-wrapper -plugin-opt=-fresolution=/tmp/ccQXH5Hn.res -plugin-opt=-pass-through=-lgcc_s -plugin-opt=-pass-through=-lgcc -plugin-opt=-pass-through=-lc -plugin-opt=-pass-through=-lgcc_s -plugin-opt=-pass-through=-lgcc --build-id --eh-frame-hdr -m elf_x86_64 --hash-style=gnu --as-needed -export-dynamic -dynamic-linker /lib64/ld-linux-x86-64.so.2 -pie -z now -z relro -o cmTC_13403 /usr/lib/gcc/x86_64-linux-gnu/11/../../../x86_64-linux-gnu/Scrt1.o /usr/lib/gcc/x86_64-linux-gnu/11/../../../x86_64-linux-gnu/crti.o /usr/lib/gcc/x86_64-linux-gnu/11/crtbeginS.o -L/usr/lib/gcc/x86_64-linux-gnu/11 -L/usr/lib/gcc/x86_64-linux-gnu/11/../../../x86_64-linux-gnu -L/usr/lib/gcc/x86_64-linux-gnu/11/../../../../lib -L/lib/x86_64-linux-gnu -L/lib/../lib -L/usr/lib/x86_64-linux-gnu -L/usr/lib/../lib -L/usr/lib/gcc/x86_64-linux-gnu/11/../../.. CMakeFiles/cmTC_13403.dir/CMakeCXXCompilerABI.cpp.o -lstdc++ -lm -lgcc_s -lgcc -lc -lgcc_s -lgcc /usr/lib/gcc/x86_64-linux-gnu/11/crtendS.o /usr/lib/gcc/x86_64-linux-gnu/11/../../../x86_64-linux-gnu/crtn.o
COLLECT_GCC_OPTIONS='-v' '-rdynamic' '-o' 'cmTC_13403' '-shared-libgcc' '-mtune=generic' '-march=x86-64' '-dumpdir' 'cmTC_13403.'
gmake[1]: Leaving directory '/var/www/html/portal/build/mysql-connector-odbc/build/CMakeFiles/CMakeTmp'



Parsed CXX implicit include dir info from above output: rv=done
  found start of include info
  found start of implicit include info
    add: [/usr/include/c++/11]
    add: [/usr/include/x86_64-linux-gnu/c++/11]
    add: [/usr/include/c++/11/backward]
    add: [/usr/lib/gcc/x86_64-linux-gnu/11/include]
    add: [/usr/local/include]
    add: [/usr/include/x86_64-linux-gnu]
    add: [/usr/include]
  end of search list found
  collapse include dir [/usr/include/c++/11] ==> [/usr/include/c++/11]
  collapse include dir [/usr/include/x86_64-linux-gnu/c++/11] ==> [/usr/include/x86_64-linux-gnu/c++/11]
  collapse include dir [/usr/include/c++/11/backward] ==> [/usr/include/c++/11/backward]
  collapse include dir [/usr/lib/gcc/x86_64-linux-gnu/11/include] ==> [/usr/lib/gcc/x86_64-linux-gnu/11/include]
  collapse include dir [/usr/local/include] ==> [/usr/local/include]
  collapse include dir [/usr/include/x86_64-linux-gnu] ==> [/usr/include/x86_64-linux-gnu]
  collapse include dir [/usr/include] ==> [/usr/include]
  implicit include dirs: [/usr/include/c++/11;/usr/include/x86_64-linux-gnu/c++/11;/usr/include/c++/11/backward;/usr/lib/gcc/x86_64-linux-gnu/11/include;/usr/local/include;/usr/include/x86_64-linux-gnu;/usr/include]


Parsed CXX implicit link information from above output:
  link line regex: [^( *|.*[/\])(ld|CMAKE_LINK_STARTFILE-NOTFOUND|([^/\]+-)?ld|collect2)[^/\]*( |$)]
  ignore line: [Change Dir: /var/www/html/portal/build/mysql-connector-odbc/build/CMakeFiles/CMakeTmp]
  ignore line: []
  ignore line: [Run Build Command(s):/usr/bin/gmake -f Makefile cmTC_13403/fast && /usr/bin/gmake  -f CMakeFiles/cmTC_13403.dir/build.make CMakeFiles/cmTC_13403.dir/build]
  ignore line: [gmake[1]: Entering directory '/var/www/html/portal/build/mysql-connector-odbc/build/CMakeFiles/CMakeTmp']
  ignore line: [Building CXX object CMakeFiles/cmTC_13403.dir/CMakeCXXCompilerABI.cpp.o]
  ignore line: [/usr/bin/c++   -v -o CMakeFiles/cmTC_13403.dir/CMakeCXXCompilerABI.cpp.o -c /usr/share/cmake-3.22/Modules/CMakeCXXCompilerABI.cpp]
  ignore line: [Using built-in specs.]
  ignore line: [COLLECT_GCC=/usr/bin/c++]
  ignore line: [OFFLOAD_TARGET_NAMES=nvptx-none:amdgcn-amdhsa]
  ignore line: [OFFLOAD_TARGET_DEFAULT=1]
  ignore line: [Target: x86_64-linux-gnu]
  ignore line: [Configured with: ../src/configure -v --with-pkgversion='Ubuntu 11.4.0-1ubuntu1~22.04.2' --with-bugurl=file:///usr/share/doc/gcc-11/README.Bugs --enable-languages=c ada c++ go brig d fortran objc obj-c++ m2 --prefix=/usr --with-gcc-major-version-only --program-suffix=-11 --program-prefix=x86_64-linux-gnu- --enable-shared --enable-linker-build-id --libexecdir=/usr/lib --without-included-gettext --enable-threads=posix --libdir=/usr/lib --enable-nls --enable-bootstrap --enable-clocale=gnu --enable-libstdcxx-debug --enable-libstdcxx-time=yes --with-default-libstdcxx-abi=new --enable-gnu-unique-object --disable-vtable-verify --enable-plugin --enable-default-pie --with-system-zlib --enable-libphobos-checking=release --with-target-system-zlib=auto --enable-objc-gc=auto --enable-multiarch --disable-werror --enable-cet --with-arch-32=i686 --with-abi=m64 --with-multilib-list=m32 m64 mx32 --enable-multilib --with-tune=generic --enable-offload-targets=nvptx-none=/build/gcc-11-2Y5pKs/gcc-11-11.4.0/debian/tmp-nvptx/usr amdgcn-amdhsa=/build/gcc-11-2Y5pKs/gcc-11-11.4.0/debian/tmp-gcn/usr --without-cuda-driver --enable-checking=release --build=x86_64-linux-gnu --host=x86_64-linux-gnu --target=x86_64-linux-gnu --with-build-config=bootstrap-lto-lean --enable-link-serialization=2]
  ignore line: [Thread model: posix]
  ignore line: [Supported LTO compression algorithms: zlib zstd]
  ignore line: [gcc version 11.4.0 (Ubuntu 11.4.0-1ubuntu1~22.04.2) ]
  ignore line: [COLLECT_GCC_OPTIONS='-v' '-o' 'CMakeFiles/cmTC_13403.dir/CMakeCXXCompilerABI.cpp.o' '-c' '-shared-libgcc' '-mtune=generic' '-march=x86-64' '-dumpdir' 'CMakeFiles/cmTC_13403.dir/']
  ignore line: [ /usr/lib/gcc/x86_64-linux-gnu/11/cc1plus -quiet -v -imultiarch x86_64-linux-gnu -D_GNU_SOURCE /usr/share/cmake-3.22/Modules/CMakeCXXCompilerABI.cpp -quiet -dumpdir CMakeFiles/cmTC_13403.dir/ -dumpbase CMakeCXXCompilerABI.cpp.cpp -dumpbase-ext .cpp -mtune=generic -march=x86-64 -version -fasynchronous-unwind-tables -fstack-protector-strong -Wformat -Wformat-security -fstack-clash-protection -fcf-protection -o /tmp/cch6Mrdy.s]
  ignore line: [GNU C++17 (Ubuntu 11.4.0-1ubuntu1~22.04.2) version 11.4.0 (x86_64-linux-gnu)]
  ignore line: [	compiled by GNU C version 11.4.0  GMP version 6.2.1  MPFR version 4.1.0  MPC version 1.2.1  isl version isl-0.24-GMP]
  ignore line: []
  ignore line: [GGC heuristics: --param ggc-min-expand=100 --param ggc-min-heapsize=131072]
  ignore line: [ignoring duplicate directory "/usr/include/x86_64-linux-gnu/c++/11"]
  ignore line: [ignoring nonexistent directory "/usr/local/include/x86_64-linux-gnu"]
  ignore line: [ignoring nonexistent directory "/usr/lib/gcc/x86_64-linux-gnu/11/include-fixed"]
  ignore line: [ignoring nonexistent directory "/usr/lib/gcc/x86_64-linux-gnu/11/../../../../x86_64-linux-gnu/include"]
  ignore line: [#include "..." search starts here:]
  ignore line: [#include <...> search starts here:]
  ignore line: [ /usr/include/c++/11]
  ignore line: [ /usr/include/x86_64-linux-gnu/c++/11]
  ignore line: [ /usr/include/c++/11/backward]
  ignore line: [ /usr/lib/gcc/x86_64-linux-gnu/11/include]
  ignore line: [ /usr/local/include]
  ignore line: [ /usr/include/x86_64-linux-gnu]
  ignore line: [ /usr/include]
  ignore line: [End of search list.]
  ignore line: [GNU C++17 (Ubuntu 11.4.0-1ubuntu1~22.04.2) version 11.4.0 (x86_64-linux-gnu)]
  ignore line: [	compiled by GNU C version 11.4.0  GMP version 6.2.1  MPFR version 4.1.0  MPC version 1.2.1  isl version isl-0.24-GMP]
  ignore line: []
  ignore line: [GGC heuristics: --param ggc-min-expand=100 --param ggc-min-heapsize=131072]
  ignore line: [Compiler executable checksum: 6c87588fc345655b93b8c25f48f88886]
  ignore line: [COLLECT_GCC_OPTIONS='-v' '-o' 'CMakeFiles/cmTC_13403.dir/CMakeCXXCompilerABI.cpp.o' '-c' '-shared-libgcc' '-mtune=generic' '-march=x86-64' '-dumpdir' 'CMakeFiles/cmTC_13403.dir/']
  ignore line: [ as -v --64 -o CMakeFiles/cmTC_13403.dir/CMakeCXXCompilerABI.cpp.o /tmp/cch6Mrdy.s]
  ignore line: [GNU assembler version 2.38 (x86_64-linux-gnu) using BFD version (GNU Binutils for Ubuntu) 2.38]
  ignore line: [COMPILER_PATH=/usr/lib/gcc/x86_64-linux-gnu/11/:/usr/lib/gcc/x86_64-linux-gnu/11/:/usr/lib/gcc/x86_64-linux-gnu/:/usr/lib/gcc/x86_64-linux-gnu/11/:/usr/lib/gcc/x86_64-linux-gnu/]
  ignore line: [LIBRARY_PATH=/usr/lib/gcc/x86_64-linux-gnu/11/:/usr/lib/gcc/x86_64-linux-gnu/11/../../../x86_64-linux-gnu/:/usr/lib/gcc/x86_64-linux-gnu/11/../../../../lib/:/lib/x86_64-linux-gnu/:/lib/../lib/:/usr/lib/x86_64-linux-gnu/:/usr/lib/../lib/:/usr/lib/gcc/x86_64-linux-gnu/11/../../../:/lib/:/usr/lib/]
  ignore line: [COLLECT_GCC_OPTIONS='-v' '-o' 'CMakeFiles/cmTC_13403.dir/CMakeCXXCompilerABI.cpp.o' '-c' '-shared-libgcc' '-mtune=generic' '-march=x86-64' '-dumpdir' 'CMakeFiles/cmTC_13403.dir/CMakeCXXCompilerABI.cpp.']
  ignore line: [Linking CXX executable cmTC_13403]
  ignore line: [/usr/bin/cmake -E cmake_link_script CMakeFiles/cmTC_13403.dir/link.txt --verbose=1]
  ignore line: [/usr/bin/c++  -v -rdynamic CMakeFiles/cmTC_13403.dir/CMakeCXXCompilerABI.cpp.o -o cmTC_13403 ]
  ignore line: [Using built-in specs.]
  ignore line: [COLLECT_GCC=/usr/bin/c++]
  ignore line: [COLLECT_LTO_WRAPPER=/usr/lib/gcc/x86_64-linux-gnu/11/lto-wrapper]
  ignore line: [OFFLOAD_TARGET_NAMES=nvptx-none:amdgcn-amdhsa]
  ignore line: [OFFLOAD_TARGET_DEFAULT=1]
  ignore line: [Target: x86_64-linux-gnu]
  ignore line: [Configured with: ../src/configure -v --with-pkgversion='Ubuntu 11.4.0-1ubuntu1~22.04.2' --with-bugurl=file:///usr/share/doc/gcc-11/README.Bugs --enable-languages=c ada c++ go brig d fortran objc obj-c++ m2 --prefix=/usr --with-gcc-major-version-only --program-suffix=-11 --program-prefix=x86_64-linux-gnu- --enable-shared --enable-linker-build-id --libexecdir=/usr/lib --without-included-gettext --enable-threads=posix --libdir=/usr/lib --enable-nls --enable-bootstrap --enable-clocale=gnu --enable-libstdcxx-debug --enable-libstdcxx-time=yes --with-default-libstdcxx-abi=new --enable-gnu-unique-object --disable-vtable-verify --enable-plugin --enable-default-pie --with-system-zlib --enable-libphobos-checking=release --with-target-system-zlib=auto --enable-objc-gc=auto --enable-multiarch --disable-werror --enable-cet --with-arch-32=i686 --with-abi=m64 --with-multilib-list=m32 m64 mx32 --enable-multilib --with-tune=generic --enable-offload-targets=nvptx-none=/build/gcc-11-2Y5pKs/gcc-11-11.4.0/debian/tmp-nvptx/usr amdgcn-amdhsa=/build/gcc-11-2Y5pKs/gcc-11-11.4.0/debian/tmp-gcn/usr --without-cuda-driver --enable-checking=release --build=x86_64-linux-gnu --host=x86_64-linux-gnu --target=x86_64-linux-gnu --with-build-config=bootstrap-lto-lean --enable-link-serialization=2]
  ignore line: [Thread model: posix]
  ignore line: [Supported LTO compression algorithms: zlib zstd]
  ignore line: [gcc version 11.4.0 (Ubuntu 11.4.0-1ubuntu1~22.04.2) ]
  ignore line: [COMPILER_PATH=/usr/lib/gcc/x86_64-linux-gnu/11/:/usr/lib/gcc/x86_64-linux-gnu/11/:/usr/lib/gcc/x86_64-linux-gnu/:/usr/lib/gcc/x86_64-linux-gnu/11/:/usr/lib/gcc/x86_64-linux-gnu/]
  ignore line: [LIBRARY_PATH=/usr/lib/gcc/x86_64-linux-gnu/11/:/usr/lib/gcc/x86_64-linux-gnu/11/../../../x86_64-linux-gnu/:/usr/lib/gcc/x86_64-linux-gnu/11/../../../../lib/:/lib/x86_64-linux-gnu/:/lib/../lib/:/usr/lib/x86_64-linux-gnu/:/usr/lib/../lib/:/usr/lib/gcc/x86_64-linux-gnu/11/../../../:/lib/:/usr/lib/]
  ignore line: [COLLECT_GCC_OPTIONS='-v' '-rdynamic' '-o' 'cmTC_13403' '-shared-libgcc' '-mtune=generic' '-march=x86-64' '-dumpdir' 'cmTC_13403.']
  link line: [ /usr/lib/gcc/x86_64-linux-gnu/11/collect2 -plugin /usr/lib/gcc/x86_64-linux-gnu/11/liblto_plugin.so -plugin-opt=/usr/lib/gcc/x86_64-linux-gnu/11/lto-wrapper -plugin-opt=-fresolution=/tmp/ccQXH5Hn.res -plugin-opt=-pass-through=-lgcc_s -plugin-opt=-pass-through=-lgcc -plugin-opt=-pass-through=-lc -plugin-opt=-pass-through=-lgcc_s -plugin-opt=-pass-through=-lgcc --build-id --eh-frame-hdr -m elf_x86_64 --hash-style=gnu --as-needed -export-dynamic -dynamic-linker /lib64/ld-linux-x86-64.so.2 -pie -z now -z relro -o cmTC_13403 /usr/lib/gcc/x86_64-linux-gnu/11/../../../x86_64-linux-gnu/Scrt1.o /usr/lib/gcc/x86_64-linux-gnu/11/../../../x86_64-linux-gnu/crti.o /usr/lib/gcc/x86_64-linux-gnu/11/crtbeginS.o -L/usr/lib/gcc/x86_64-linux-gnu/11 -L/usr/lib/gcc/x86_64-linux-gnu/11/../../../x86_64-linux-gnu -L/usr/lib/gcc/x86_64-linux-gnu/11/../../../../lib -L/lib/x86_64-linux-gnu -L/lib/../lib -L/usr/lib/x86_64-linux-gnu -L/usr/lib/../lib -L/usr/lib/gcc/x86_64-linux-gnu/11/../../.. CMakeFiles/cmTC_13403.dir/CMakeCXXCompilerABI.cpp.o -lstdc++ -lm -lgcc_s -lgcc -lc -lgcc_s -lgcc /usr/lib/gcc/x86_64-linux-gnu/11/crtendS.o /usr/lib/gcc/x86_64-linux-gnu/11/../../../x86_64-linux-gnu/crtn.o]
    arg [/usr/lib/gcc/x86_64-linux-gnu/11/collect2] ==> ignore
    arg [-plugin] ==> ignore
    arg [/usr/lib/gcc/x86_64-linux-gnu/11/liblto_plugin.so] ==> ignore
    arg [-plugin-opt=/usr/lib/gcc/x86_64-linux-gnu/11/lto-wrapper] ==> ignore
    arg [-plugin-opt=-fresolution=/tmp/ccQXH5Hn.res] ==> ignore
    arg [-plugin-opt=-pass-through=-lgcc_s] ==> ignore
    arg [-plugin-opt=-pass-through=-lgcc] ==> ignore
    arg [-plugin-opt=-pass-through=-lc] ==> ignore
    arg [-plugin-opt=-pass-through=-lgcc_s] ==> ignore
    arg [-plugin-opt=-pass-through=-lgcc] ==> ignore
    arg [--build-id] ==> ignore
    arg [--eh-frame-hdr] ==> ignore
    arg [-m] ==> ignore
    arg [elf_x86_64] ==> ignore
    arg [--hash-style=gnu] ==> ignore
    arg [--as-needed] ==> ignore
    arg [-export-dynamic] ==> ignore
    arg [-dynamic-linker] ==> ignore
    arg [/lib64/ld-linux-x86-64.so.2] ==> ignore
    arg [-pie] ==> ignore
    arg [-znow] ==> ignore
    arg [-zrelro] ==> ignore
    arg [-o] ==> ignore
    arg [cmTC_13403] ==> ignore
    arg [/usr/lib/gcc/x86_64-linux-gnu/11/../../../x86_64-linux-gnu/Scrt1.o] ==> obj [/usr/lib/gcc/x86_64-linux-gnu/11/../../../x86_64-linux-gnu/Scrt1.o]
    arg [/usr/lib/gcc/x86_64-linux-gnu/11/../../../x86_64-linux-gnu/crti.o] ==> obj [/usr/lib/gcc/x86_64-linux-gnu/11/../../../x86_64-linux-gnu/crti.o]
    arg [/usr/lib/gcc/x86_64-linux-gnu/11/crtbeginS.o] ==> obj [/usr/lib/gcc/x86_64-linux-gnu/11/crtbeginS.o]
    arg [-L/usr/lib/gcc/x86_64-linux-gnu/11] ==> dir [/usr/lib/gcc/x86_64-linux-gnu/11]
    arg [-L/usr/lib/gcc/x86_64-linux-gnu/11/../../../x86_64-linux-gnu] ==> dir [/usr/lib/gcc/x86_64-linux-gnu/11/../../../x86_64-linux-gnu]
    arg [-L/usr/lib/gcc/x86_64-linux-gnu/11/../../../../lib] ==> dir [/usr/lib/gcc/x86_64-linux-gnu/11/../../../../lib]
    arg [-L/lib/x86_64-linux-gnu] ==> dir [/lib/x86_64-linux-gnu]
    arg [-L/lib/../lib] ==> dir [/lib/../lib]
    arg [-L/usr/lib/x86_64-linux-gnu] ==> dir [/usr/lib/x86_64-linux-gnu]
    arg [-L/usr/lib/../lib] ==> dir [/usr/lib/../lib]
    arg [-L/usr/lib/gcc/x86_64-linux-gnu/11/../../..] ==> dir [/usr/lib/gcc/x86_64-linux-gnu/11/../../..]
    arg [CMakeFiles/cmTC_13403.dir/CMakeCXXCompilerABI.cpp.o] ==> ignore
    arg [-lstdc++] ==> lib [stdc++]
    arg [-lm] ==> lib [m]
    arg [-lgcc_s] ==> lib [gcc_s]
    arg [-lgcc] ==> lib [gcc]
    arg [-lc] ==> lib [c]
    arg [-lgcc_s] ==> lib [gcc_s]
    arg [-lgcc] ==> lib [gcc]
    arg [/usr/lib/gcc/x86_64-linux-gnu/11/crtendS.o] ==> obj [/usr/lib/gcc/x86_64-linux-gnu/11/crtendS.o]
    arg [/usr/lib/gcc/x86_64-linux-gnu/11/../../../x86_64-linux-gnu/crtn.o] ==> obj [/usr/lib/gcc/x86_64-linux-gnu/11/../../../x86_64-linux-gnu/crtn.o]
  collapse obj [/usr/lib/gcc/x86_64-linux-gnu/11/../../../x86_64-linux-gnu/Scrt1.o] ==> [/usr/lib/x86_64-linux-gnu/Scrt1.o]
  collapse obj [/usr/lib/gcc/x86_64-linux-gnu/11/../../../x86_64-linux-gnu/crti.o] ==> [/usr/lib/x86_64-linux-gnu/crti.o]
  collapse obj [/usr/lib/gcc/x86_64-linux-gnu/11/../../../x86_64-linux-gnu/crtn.o] ==> [/usr/lib/x86_64-linux-gnu/crtn.o]
  collapse library dir [/usr/lib/gcc/x86_64-linux-gnu/11] ==> [/usr/lib/gcc/x86_64-linux-gnu/11]
  collapse library dir [/usr/lib/gcc/x86_64-linux-gnu/11/../../../x86_64-linux-gnu] ==> [/usr/lib/x86_64-linux-gnu]
  collapse library dir [/usr/lib/gcc/x86_64-linux-gnu/11/../../../../lib] ==> [/usr/lib]
  collapse library dir [/lib/x86_64-linux-gnu] ==> [/lib/x86_64-linux-gnu]
  collapse library dir [/lib/../lib] ==> [/lib]
  collapse library dir [/usr/lib/x86_64-linux-gnu] ==> [/usr/lib/x86_64-linux-gnu]
  collapse library dir [/usr/lib/../lib] ==> [/usr/lib]
  collapse library dir [/usr/lib/gcc/x86_64-linux-gnu/11/../../..] ==> [/usr/lib]
  implicit libs: [stdc++;m;gcc_s;gcc;c;gcc_s;gcc]
  implicit objs: [/usr/lib/x86_64-linux-gnu/Scrt1.o;/usr/lib/x86_64-linux-gnu/crti.o;/usr/lib/gcc/x86_64-linux-gnu/11/crtbeginS.o;/usr/lib/gcc/x86_64-linux-gnu/11/crtendS.o;/usr/lib/x86_64-linux-gnu/crtn.o]
  implicit dirs: [/usr/lib/gcc/x86_64-linux-gnu/11;/usr/lib/x86_64-linux-gnu;/usr/lib;/lib/x86_64-linux-gnu;/lib]
  implicit fwks: []


Determining if the include file pthread.h exists passed with the following output:
Change Dir: /var/www/html/portal/build/mysql-connector-odbc/build/CMakeFiles/CMakeTmp

Run Build Command(s):/usr/bin/gmake -f Makefile cmTC_6c8a8/fast && /usr/bin/gmake  -f CMakeFiles/cmTC_6c8a8.dir/build.make CMakeFiles/cmTC_6c8a8.dir/build
gmake[1]: Entering directory '/var/www/html/portal/build/mysql-connector-odbc/build/CMakeFiles/CMakeTmp'
Building C object CMakeFiles/cmTC_6c8a8.dir/CheckIncludeFile.c.o
/usr/bin/cc    -o CMakeFiles/cmTC_6c8a8.dir/CheckIncludeFile.c.o -c /var/www/html/portal/build/mysql-connector-odbc/build/CMakeFiles/CMakeTmp/CheckIncludeFile.c
Linking C executable cmTC_6c8a8
/usr/bin/cmake -E cmake_link_script CMakeFiles/cmTC_6c8a8.dir/link.txt --verbose=1
/usr/bin/cc -rdynamic CMakeFiles/cmTC_6c8a8.dir/CheckIncludeFile.c.o -o cmTC_6c8a8 
gmake[1]: Leaving directory '/var/www/html/portal/build/mysql-connector-odbc/build/CMakeFiles/CMakeTmp'



Performing C SOURCE FILE Test CMAKE_HAVE_LIBC_PTHREAD succeeded with the following output:
Change Dir: /var/www/html/portal/build/mysql-connector-odbc/build/CMakeFiles/CMakeTmp

Run Build Command(s):/usr/bin/gmake -f Makefile cmTC_22054/fast && /usr/bin/gmake  -f CMakeFiles/cmTC_22054.dir/build.make CMakeFiles/cmTC_22054.dir/build
gmake[1]: Entering directory '/var/www/html/portal/build/mysql-connector-odbc/build/CMakeFiles/CMakeTmp'
Building C object CMakeFiles/cmTC_22054.dir/src.c.o
/usr/bin/cc -DCMAKE_HAVE_LIBC_PTHREAD   -o CMakeFiles/cmTC_22054.dir/src.c.o -c /var/www/html/portal/build/mysql-connector-odbc/build/CMakeFiles/CMakeTmp/src.c
Linking C executable cmTC_22054
/usr/bin/cmake -E cmake_link_script CMakeFiles/cmTC_22054.dir/link.txt --verbose=1
/usr/bin/cc -rdynamic CMakeFiles/cmTC_22054.dir/src.c.o -o cmTC_22054 
gmake[1]: Leaving directory '/var/www/html/portal/build/mysql-connector-odbc/build/CMakeFiles/CMakeTmp'


Source file was:
#include <pthread.h>

static void* test_func(void* data)
{
  return data;
}

int main(void)
{
  pthread_t thread;
  pthread_create(&thread, NULL, test_func, NULL);
  pthread_detach(thread);
  pthread_cancel(thread);
  pthread_join(thread, NULL);
  pthread_atfork(NULL, NULL, NULL);
  pthread_exit(NULL);

  return 0;
}

Determining if the function dlopen exists passed with the following output:
Change Dir: /var/www/html/portal/build/mysql-connector-odbc/build/CMakeFiles/CMakeTmp

Run Build Command(s):/usr/bin/gmake -f Makefile cmTC_94607/fast && /usr/bin/gmake  -f CMakeFiles/cmTC_94607.dir/build.make CMakeFiles/cmTC_94607.dir/build
gmake[1]: Entering directory '/var/www/html/portal/build/mysql-connector-odbc/build/CMakeFiles/CMakeTmp'
Building C object CMakeFiles/cmTC_94607.dir/CheckFunctionExists.c.o
/usr/bin/cc   -DCHECK_FUNCTION_EXISTS=dlopen -o CMakeFiles/cmTC_94607.dir/CheckFunctionExists.c.o -c /usr/share/cmake-3.22/Modules/CheckFunctionExists.c
Linking C executable cmTC_94607
/usr/bin/cmake -E cmake_link_script CMakeFiles/cmTC_94607.dir/link.txt --verbose=1
/usr/bin/cc  -DCHECK_FUNCTION_EXISTS=dlopen -rdynamic CMakeFiles/cmTC_94607.dir/CheckFunctionExists.c.o -o cmTC_94607 
gmake[1]: Leaving directory '/var/www/html/portal/build/mysql-connector-odbc/build/CMakeFiles/CMakeTmp'



Determining if the function floor exists in the m passed with the following output:
Change Dir: /var/www/html/portal/build/mysql-connector-odbc/build/CMakeFiles/CMakeTmp

Run Build Command(s):/usr/bin/gmake -f Makefile cmTC_ac109/fast && /usr/bin/gmake  -f CMakeFiles/cmTC_ac109.dir/build.make CMakeFiles/cmTC_ac109.dir/build
gmake[1]: Entering directory '/var/www/html/portal/build/mysql-connector-odbc/build/CMakeFiles/CMakeTmp'
Building C object CMakeFiles/cmTC_ac109.dir/CheckFunctionExists.c.o
/usr/bin/cc   -DCHECK_FUNCTION_EXISTS=floor -o CMakeFiles/cmTC_ac109.dir/CheckFunctionExists.c.o -c /usr/share/cmake-3.22/Modules/CheckFunctionExists.c
<command-line>: warning: conflicting types for built-in function ‘floor’; expected ‘double(double)’ [-Wbuiltin-declaration-mismatch]
/usr/share/cmake-3.22/Modules/CheckFunctionExists.c:7:3: note: in expansion of macro ‘CHECK_FUNCTION_EXISTS’
    7 |   CHECK_FUNCTION_EXISTS(void);
      |   ^~~~~~~~~~~~~~~~~~~~~
/usr/share/cmake-3.22/Modules/CheckFunctionExists.c:1:1: note: ‘floor’ is declared in header ‘<math.h>’
  +++ |+#include <math.h>
    1 | #ifdef CHECK_FUNCTION_EXISTS
Linking C executable cmTC_ac109
/usr/bin/cmake -E cmake_link_script CMakeFiles/cmTC_ac109.dir/link.txt --verbose=1
/usr/bin/cc  -DCHECK_FUNCTION_EXISTS=floor -rdynamic CMakeFiles/cmTC_ac109.dir/CheckFunctionExists.c.o -o cmTC_ac109  -lm 
gmake[1]: Leaving directory '/var/www/html/portal/build/mysql-connector-odbc/build/CMakeFiles/CMakeTmp'



Determining if the function gethostbyname_r exists passed with the following output:
Change Dir: /var/www/html/portal/build/mysql-connector-odbc/build/CMakeFiles/CMakeTmp

Run Build Command(s):/usr/bin/gmake -f Makefile cmTC_b587f/fast && /usr/bin/gmake  -f CMakeFiles/cmTC_b587f.dir/build.make CMakeFiles/cmTC_b587f.dir/build
gmake[1]: Entering directory '/var/www/html/portal/build/mysql-connector-odbc/build/CMakeFiles/CMakeTmp'
Building C object CMakeFiles/cmTC_b587f.dir/CheckFunctionExists.c.o
/usr/bin/cc   -DCHECK_FUNCTION_EXISTS=gethostbyname_r -o CMakeFiles/cmTC_b587f.dir/CheckFunctionExists.c.o -c /usr/share/cmake-3.22/Modules/CheckFunctionExists.c
Linking C executable cmTC_b587f
/usr/bin/cmake -E cmake_link_script CMakeFiles/cmTC_b587f.dir/link.txt --verbose=1
/usr/bin/cc  -DCHECK_FUNCTION_EXISTS=gethostbyname_r -rdynamic CMakeFiles/cmTC_b587f.dir/CheckFunctionExists.c.o -o cmTC_b587f 
gmake[1]: Leaving directory '/var/www/html/portal/build/mysql-connector-odbc/build/CMakeFiles/CMakeTmp'



Determining if the function bind exists passed with the following output:
Change Dir: /var/www/html/portal/build/mysql-connector-odbc/build/CMakeFiles/CMakeTmp

Run Build Command(s):/usr/bin/gmake -f Makefile cmTC_5febb/fast && /usr/bin/gmake  -f CMakeFiles/cmTC_5febb.dir/build.make CMakeFiles/cmTC_5febb.dir/build
gmake[1]: Entering directory '/var/www/html/portal/build/mysql-connector-odbc/build/CMakeFiles/CMakeTmp'
Building C object CMakeFiles/cmTC_5febb.dir/CheckFunctionExists.c.o
/usr/bin/cc   -DCHECK_FUNCTION_EXISTS=bind -o CMakeFiles/cmTC_5febb.dir/CheckFunctionExists.c.o -c /usr/share/cmake-3.22/Modules/CheckFunctionExists.c
Linking C executable cmTC_5febb
/usr/bin/cmake -E cmake_link_script CMakeFiles/cmTC_5febb.dir/link.txt --verbose=1
/usr/bin/cc  -DCHECK_FUNCTION_EXISTS=bind -rdynamic CMakeFiles/cmTC_5febb.dir/CheckFunctionExists.c.o -o cmTC_5febb 
gmake[1]: Leaving directory '/var/www/html/portal/build/mysql-connector-odbc/build/CMakeFiles/CMakeTmp'



Determining if the function crypt exists in the crypt passed with the following output:
Change Dir: /var/www/html/portal/build/mysql-connector-odbc/build/CMakeFiles/CMakeTmp

Run Build Command(s):/usr/bin/gmake -f Makefile cmTC_4291f/fast && /usr/bin/gmake  -f CMakeFiles/cmTC_4291f.dir/build.make CMakeFiles/cmTC_4291f.dir/build
gmake[1]: Entering directory '/var/www/html/portal/build/mysql-connector-odbc/build/CMakeFiles/CMakeTmp'
Building C object CMakeFiles/cmTC_4291f.dir/CheckFunctionExists.c.o
/usr/bin/cc   -DCHECK_FUNCTION_EXISTS=crypt -o CMakeFiles/cmTC_4291f.dir/CheckFunctionExists.c.o -c /usr/share/cmake-3.22/Modules/CheckFunctionExists.c
Linking C executable cmTC_4291f
/usr/bin/cmake -E cmake_link_script CMakeFiles/cmTC_4291f.dir/link.txt --verbose=1
/usr/bin/cc  -DCHECK_FUNCTION_EXISTS=crypt -rdynamic CMakeFiles/cmTC_4291f.dir/CheckFunctionExists.c.o -o cmTC_4291f  -lcrypt 
gmake[1]: Leaving directory '/var/www/html/portal/build/mysql-connector-odbc/build/CMakeFiles/CMakeTmp'



Determining if the function setsockopt exists passed with the following output:
Change Dir: /var/www/html/portal/build/mysql-connector-odbc/build/CMakeFiles/CMakeTmp

Run Build Command(s):/usr/bin/gmake -f Makefile cmTC_8b254/fast && /usr/bin/gmake  -f CMakeFiles/cmTC_8b254.dir/build.make CMakeFiles/cmTC_8b254.dir/build
gmake[1]: Entering directory '/var/www/html/portal/build/mysql-connector-odbc/build/CMakeFiles/CMakeTmp'
Building C object CMakeFiles/cmTC_8b254.dir/CheckFunctionExists.c.o
/usr/bin/cc   -DCHECK_FUNCTION_EXISTS=setsockopt -o CMakeFiles/cmTC_8b254.dir/CheckFunctionExists.c.o -c /usr/share/cmake-3.22/Modules/CheckFunctionExists.c
Linking C executable cmTC_8b254
/usr/bin/cmake -E cmake_link_script CMakeFiles/cmTC_8b254.dir/link.txt --verbose=1
/usr/bin/cc  -DCHECK_FUNCTION_EXISTS=setsockopt -rdynamic CMakeFiles/cmTC_8b254.dir/CheckFunctionExists.c.o -o cmTC_8b254 
gmake[1]: Leaving directory '/var/www/html/portal/build/mysql-connector-odbc/build/CMakeFiles/CMakeTmp'



Determining if the function dlopen exists passed with the following output:
Change Dir: /var/www/html/portal/build/mysql-connector-odbc/build/CMakeFiles/CMakeTmp

Run Build Command(s):/usr/bin/gmake -f Makefile cmTC_1f8c4/fast && /usr/bin/gmake  -f CMakeFiles/cmTC_1f8c4.dir/build.make CMakeFiles/cmTC_1f8c4.dir/build
gmake[1]: Entering directory '/var/www/html/portal/build/mysql-connector-odbc/build/CMakeFiles/CMakeTmp'
Building C object CMakeFiles/cmTC_1f8c4.dir/CheckFunctionExists.c.o
/usr/bin/cc   -DCHECK_FUNCTION_EXISTS=dlopen -o CMakeFiles/cmTC_1f8c4.dir/CheckFunctionExists.c.o -c /usr/share/cmake-3.22/Modules/CheckFunctionExists.c
Linking C executable cmTC_1f8c4
/usr/bin/cmake -E cmake_link_script CMakeFiles/cmTC_1f8c4.dir/link.txt --verbose=1
/usr/bin/cc  -DCHECK_FUNCTION_EXISTS=dlopen -rdynamic CMakeFiles/cmTC_1f8c4.dir/CheckFunctionExists.c.o -o cmTC_1f8c4 
gmake[1]: Leaving directory '/var/www/html/portal/build/mysql-connector-odbc/build/CMakeFiles/CMakeTmp'



Determining if the function sched_yield exists passed with the following output:
Change Dir: /var/www/html/portal/build/mysql-connector-odbc/build/CMakeFiles/CMakeTmp

Run Build Command(s):/usr/bin/gmake -f Makefile cmTC_47b6d/fast && /usr/bin/gmake  -f CMakeFiles/cmTC_47b6d.dir/build.make CMakeFiles/cmTC_47b6d.dir/build
gmake[1]: Entering directory '/var/www/html/portal/build/mysql-connector-odbc/build/CMakeFiles/CMakeTmp'
Building C object CMakeFiles/cmTC_47b6d.dir/CheckFunctionExists.c.o
/usr/bin/cc   -DCHECK_FUNCTION_EXISTS=sched_yield -o CMakeFiles/cmTC_47b6d.dir/CheckFunctionExists.c.o -c /usr/share/cmake-3.22/Modules/CheckFunctionExists.c
Linking C executable cmTC_47b6d
/usr/bin/cmake -E cmake_link_script CMakeFiles/cmTC_47b6d.dir/link.txt --verbose=1
/usr/bin/cc  -DCHECK_FUNCTION_EXISTS=sched_yield -rdynamic CMakeFiles/cmTC_47b6d.dir/CheckFunctionExists.c.o -o cmTC_47b6d 
gmake[1]: Leaving directory '/var/www/html/portal/build/mysql-connector-odbc/build/CMakeFiles/CMakeTmp'



Determining if the function clock_gettime exists passed with the following output:
Change Dir: /var/www/html/portal/build/mysql-connector-odbc/build/CMakeFiles/CMakeTmp

Run Build Command(s):/usr/bin/gmake -f Makefile cmTC_df7de/fast && /usr/bin/gmake  -f CMakeFiles/cmTC_df7de.dir/build.make CMakeFiles/cmTC_df7de.dir/build
gmake[1]: Entering directory '/var/www/html/portal/build/mysql-connector-odbc/build/CMakeFiles/CMakeTmp'
Building C object CMakeFiles/cmTC_df7de.dir/CheckFunctionExists.c.o
/usr/bin/cc   -DCHECK_FUNCTION_EXISTS=clock_gettime -o CMakeFiles/cmTC_df7de.dir/CheckFunctionExists.c.o -c /usr/share/cmake-3.22/Modules/CheckFunctionExists.c
Linking C executable cmTC_df7de
/usr/bin/cmake -E cmake_link_script CMakeFiles/cmTC_df7de.dir/link.txt --verbose=1
/usr/bin/cc  -DCHECK_FUNCTION_EXISTS=clock_gettime -rdynamic CMakeFiles/cmTC_df7de.dir/CheckFunctionExists.c.o -o cmTC_df7de 
gmake[1]: Leaving directory '/var/www/html/portal/build/mysql-connector-odbc/build/CMakeFiles/CMakeTmp'



Determining if the function timer_create exists passed with the following output:
Change Dir: /var/www/html/portal/build/mysql-connector-odbc/build/CMakeFiles/CMakeTmp

Run Build Command(s):/usr/bin/gmake -f Makefile cmTC_31434/fast && /usr/bin/gmake  -f CMakeFiles/cmTC_31434.dir/build.make CMakeFiles/cmTC_31434.dir/build
gmake[1]: Entering directory '/var/www/html/portal/build/mysql-connector-odbc/build/CMakeFiles/CMakeTmp'
Building C object CMakeFiles/cmTC_31434.dir/CheckFunctionExists.c.o
/usr/bin/cc   -DCHECK_FUNCTION_EXISTS=timer_create -o CMakeFiles/cmTC_31434.dir/CheckFunctionExists.c.o -c /usr/share/cmake-3.22/Modules/CheckFunctionExists.c
Linking C executable cmTC_31434
/usr/bin/cmake -E cmake_link_script CMakeFiles/cmTC_31434.dir/link.txt --verbose=1
/usr/bin/cc  -DCHECK_FUNCTION_EXISTS=timer_create -rdynamic CMakeFiles/cmTC_31434.dir/CheckFunctionExists.c.o -o cmTC_31434 
gmake[1]: Leaving directory '/var/www/html/portal/build/mysql-connector-odbc/build/CMakeFiles/CMakeTmp'



Determining if the function atomic_thread_fence exists in the atomic passed with the following output:
Change Dir: /var/www/html/portal/build/mysql-connector-odbc/build/CMakeFiles/CMakeTmp

Run Build Command(s):/usr/bin/gmake -f Makefile cmTC_9a4b0/fast && /usr/bin/gmake  -f CMakeFiles/cmTC_9a4b0.dir/build.make CMakeFiles/cmTC_9a4b0.dir/build
gmake[1]: Entering directory '/var/www/html/portal/build/mysql-connector-odbc/build/CMakeFiles/CMakeTmp'
Building C object CMakeFiles/cmTC_9a4b0.dir/CheckFunctionExists.c.o
/usr/bin/cc   -DCHECK_FUNCTION_EXISTS=atomic_thread_fence -o CMakeFiles/cmTC_9a4b0.dir/CheckFunctionExists.c.o -c /usr/share/cmake-3.22/Modules/CheckFunctionExists.c
Linking C executable cmTC_9a4b0
/usr/bin/cmake -E cmake_link_script CMakeFiles/cmTC_9a4b0.dir/link.txt --verbose=1
/usr/bin/cc  -DCHECK_FUNCTION_EXISTS=atomic_thread_fence -rdynamic CMakeFiles/cmTC_9a4b0.dir/CheckFunctionExists.c.o -o cmTC_9a4b0  -latomic 
gmake[1]: Leaving directory '/var/www/html/portal/build/mysql-connector-odbc/build/CMakeFiles/CMakeTmp'



Determining if the function backtrace exists passed with the following output:
Change Dir: /var/www/html/portal/build/mysql-connector-odbc/build/CMakeFiles/CMakeTmp

Run Build Command(s):/usr/bin/gmake -f Makefile cmTC_55066/fast && /usr/bin/gmake  -f CMakeFiles/cmTC_55066.dir/build.make CMakeFiles/cmTC_55066.dir/build
gmake[1]: Entering directory '/var/www/html/portal/build/mysql-connector-odbc/build/CMakeFiles/CMakeTmp'
Building C object CMakeFiles/cmTC_55066.dir/CheckFunctionExists.c.o
/usr/bin/cc   -DCHECK_FUNCTION_EXISTS=backtrace -o CMakeFiles/cmTC_55066.dir/CheckFunctionExists.c.o -c /usr/share/cmake-3.22/Modules/CheckFunctionExists.c
Linking C executable cmTC_55066
/usr/bin/cmake -E cmake_link_script CMakeFiles/cmTC_55066.dir/link.txt --verbose=1
/usr/bin/cc  -DCHECK_FUNCTION_EXISTS=backtrace -rdynamic CMakeFiles/cmTC_55066.dir/CheckFunctionExists.c.o -o cmTC_55066 
gmake[1]: Leaving directory '/var/www/html/portal/build/mysql-connector-odbc/build/CMakeFiles/CMakeTmp'



Determining if files alloca.h exist passed with the following output:
Change Dir: /var/www/html/portal/build/mysql-connector-odbc/build/CMakeFiles/CMakeTmp

Run Build Command(s):/usr/bin/gmake -f Makefile cmTC_6b7ae/fast && /usr/bin/gmake  -f CMakeFiles/cmTC_6b7ae.dir/build.make CMakeFiles/cmTC_6b7ae.dir/build
gmake[1]: Entering directory '/var/www/html/portal/build/mysql-connector-odbc/build/CMakeFiles/CMakeTmp'
Building C object CMakeFiles/cmTC_6b7ae.dir/HAVE_ALLOCA_H.c.o
/usr/bin/cc    -o CMakeFiles/cmTC_6b7ae.dir/HAVE_ALLOCA_H.c.o -c /var/www/html/portal/build/mysql-connector-odbc/build/CMakeFiles/CheckIncludeFiles/HAVE_ALLOCA_H.c
Linking C executable cmTC_6b7ae
/usr/bin/cmake -E cmake_link_script CMakeFiles/cmTC_6b7ae.dir/link.txt --verbose=1
/usr/bin/cc -rdynamic CMakeFiles/cmTC_6b7ae.dir/HAVE_ALLOCA_H.c.o -o cmTC_6b7ae 
gmake[1]: Leaving directory '/var/www/html/portal/build/mysql-connector-odbc/build/CMakeFiles/CMakeTmp'



Determining if files arpa/inet.h exist passed with the following output:
Change Dir: /var/www/html/portal/build/mysql-connector-odbc/build/CMakeFiles/CMakeTmp

Run Build Command(s):/usr/bin/gmake -f Makefile cmTC_c4fdf/fast && /usr/bin/gmake  -f CMakeFiles/cmTC_c4fdf.dir/build.make CMakeFiles/cmTC_c4fdf.dir/build
gmake[1]: Entering directory '/var/www/html/portal/build/mysql-connector-odbc/build/CMakeFiles/CMakeTmp'
Building C object CMakeFiles/cmTC_c4fdf.dir/HAVE_ARPA_INET_H.c.o
/usr/bin/cc    -o CMakeFiles/cmTC_c4fdf.dir/HAVE_ARPA_INET_H.c.o -c /var/www/html/portal/build/mysql-connector-odbc/build/CMakeFiles/CheckIncludeFiles/HAVE_ARPA_INET_H.c
Linking C executable cmTC_c4fdf
/usr/bin/cmake -E cmake_link_script CMakeFiles/cmTC_c4fdf.dir/link.txt --verbose=1
/usr/bin/cc -rdynamic CMakeFiles/cmTC_c4fdf.dir/HAVE_ARPA_INET_H.c.o -o cmTC_c4fdf 
gmake[1]: Leaving directory '/var/www/html/portal/build/mysql-connector-odbc/build/CMakeFiles/CMakeTmp'



Determining if files dlfcn.h exist passed with the following output:
Change Dir: /var/www/html/portal/build/mysql-connector-odbc/build/CMakeFiles/CMakeTmp

Run Build Command(s):/usr/bin/gmake -f Makefile cmTC_16ef1/fast && /usr/bin/gmake  -f CMakeFiles/cmTC_16ef1.dir/build.make CMakeFiles/cmTC_16ef1.dir/build
gmake[1]: Entering directory '/var/www/html/portal/build/mysql-connector-odbc/build/CMakeFiles/CMakeTmp'
Building C object CMakeFiles/cmTC_16ef1.dir/HAVE_DLFCN_H.c.o
/usr/bin/cc    -o CMakeFiles/cmTC_16ef1.dir/HAVE_DLFCN_H.c.o -c /var/www/html/portal/build/mysql-connector-odbc/build/CMakeFiles/CheckIncludeFiles/HAVE_DLFCN_H.c
Linking C executable cmTC_16ef1
/usr/bin/cmake -E cmake_link_script CMakeFiles/cmTC_16ef1.dir/link.txt --verbose=1
/usr/bin/cc -rdynamic CMakeFiles/cmTC_16ef1.dir/HAVE_DLFCN_H.c.o -o cmTC_16ef1 
gmake[1]: Leaving directory '/var/www/html/portal/build/mysql-connector-odbc/build/CMakeFiles/CMakeTmp'



Determining if files endian.h exist passed with the following output:
Change Dir: /var/www/html/portal/build/mysql-connector-odbc/build/CMakeFiles/CMakeTmp

Run Build Command(s):/usr/bin/gmake -f Makefile cmTC_ea155/fast && /usr/bin/gmake  -f CMakeFiles/cmTC_ea155.dir/build.make CMakeFiles/cmTC_ea155.dir/build
gmake[1]: Entering directory '/var/www/html/portal/build/mysql-connector-odbc/build/CMakeFiles/CMakeTmp'
Building C object CMakeFiles/cmTC_ea155.dir/HAVE_ENDIAN_H.c.o
/usr/bin/cc    -o CMakeFiles/cmTC_ea155.dir/HAVE_ENDIAN_H.c.o -c /var/www/html/portal/build/mysql-connector-odbc/build/CMakeFiles/CheckIncludeFiles/HAVE_ENDIAN_H.c
Linking C executable cmTC_ea155
/usr/bin/cmake -E cmake_link_script CMakeFiles/cmTC_ea155.dir/link.txt --verbose=1
/usr/bin/cc -rdynamic CMakeFiles/cmTC_ea155.dir/HAVE_ENDIAN_H.c.o -o cmTC_ea155 
gmake[1]: Leaving directory '/var/www/html/portal/build/mysql-connector-odbc/build/CMakeFiles/CMakeTmp'



Determining if files execinfo.h exist passed with the following output:
Change Dir: /var/www/html/portal/build/mysql-connector-odbc/build/CMakeFiles/CMakeTmp

Run Build Command(s):/usr/bin/gmake -f Makefile cmTC_73d14/fast && /usr/bin/gmake  -f CMakeFiles/cmTC_73d14.dir/build.make CMakeFiles/cmTC_73d14.dir/build
gmake[1]: Entering directory '/var/www/html/portal/build/mysql-connector-odbc/build/CMakeFiles/CMakeTmp'
Building C object CMakeFiles/cmTC_73d14.dir/HAVE_EXECINFO_H.c.o
/usr/bin/cc    -o CMakeFiles/cmTC_73d14.dir/HAVE_EXECINFO_H.c.o -c /var/www/html/portal/build/mysql-connector-odbc/build/CMakeFiles/CheckIncludeFiles/HAVE_EXECINFO_H.c
Linking C executable cmTC_73d14
/usr/bin/cmake -E cmake_link_script CMakeFiles/cmTC_73d14.dir/link.txt --verbose=1
/usr/bin/cc -rdynamic CMakeFiles/cmTC_73d14.dir/HAVE_EXECINFO_H.c.o -o cmTC_73d14 
gmake[1]: Leaving directory '/var/www/html/portal/build/mysql-connector-odbc/build/CMakeFiles/CMakeTmp'



Determining if files fpu_control.h exist passed with the following output:
Change Dir: /var/www/html/portal/build/mysql-connector-odbc/build/CMakeFiles/CMakeTmp

Run Build Command(s):/usr/bin/gmake -f Makefile cmTC_852cb/fast && /usr/bin/gmake  -f CMakeFiles/cmTC_852cb.dir/build.make CMakeFiles/cmTC_852cb.dir/build
gmake[1]: Entering directory '/var/www/html/portal/build/mysql-connector-odbc/build/CMakeFiles/CMakeTmp'
Building C object CMakeFiles/cmTC_852cb.dir/HAVE_FPU_CONTROL_H.c.o
/usr/bin/cc    -o CMakeFiles/cmTC_852cb.dir/HAVE_FPU_CONTROL_H.c.o -c /var/www/html/portal/build/mysql-connector-odbc/build/CMakeFiles/CheckIncludeFiles/HAVE_FPU_CONTROL_H.c
Linking C executable cmTC_852cb
/usr/bin/cmake -E cmake_link_script CMakeFiles/cmTC_852cb.dir/link.txt --verbose=1
/usr/bin/cc -rdynamic CMakeFiles/cmTC_852cb.dir/HAVE_FPU_CONTROL_H.c.o -o cmTC_852cb 
gmake[1]: Leaving directory '/var/www/html/portal/build/mysql-connector-odbc/build/CMakeFiles/CMakeTmp'



Determining if files grp.h exist passed with the following output:
Change Dir: /var/www/html/portal/build/mysql-connector-odbc/build/CMakeFiles/CMakeTmp

Run Build Command(s):/usr/bin/gmake -f Makefile cmTC_96cb4/fast && /usr/bin/gmake  -f CMakeFiles/cmTC_96cb4.dir/build.make CMakeFiles/cmTC_96cb4.dir/build
gmake[1]: Entering directory '/var/www/html/portal/build/mysql-connector-odbc/build/CMakeFiles/CMakeTmp'
Building C object CMakeFiles/cmTC_96cb4.dir/HAVE_GRP_H.c.o
/usr/bin/cc    -o CMakeFiles/cmTC_96cb4.dir/HAVE_GRP_H.c.o -c /var/www/html/portal/build/mysql-connector-odbc/build/CMakeFiles/CheckIncludeFiles/HAVE_GRP_H.c
Linking C executable cmTC_96cb4
/usr/bin/cmake -E cmake_link_script CMakeFiles/cmTC_96cb4.dir/link.txt --verbose=1
/usr/bin/cc -rdynamic CMakeFiles/cmTC_96cb4.dir/HAVE_GRP_H.c.o -o cmTC_96cb4 
gmake[1]: Leaving directory '/var/www/html/portal/build/mysql-connector-odbc/build/CMakeFiles/CMakeTmp'



Determining if files langinfo.h exist passed with the following output:
Change Dir: /var/www/html/portal/build/mysql-connector-odbc/build/CMakeFiles/CMakeTmp

Run Build Command(s):/usr/bin/gmake -f Makefile cmTC_423bb/fast && /usr/bin/gmake  -f CMakeFiles/cmTC_423bb.dir/build.make CMakeFiles/cmTC_423bb.dir/build
gmake[1]: Entering directory '/var/www/html/portal/build/mysql-connector-odbc/build/CMakeFiles/CMakeTmp'
Building C object CMakeFiles/cmTC_423bb.dir/HAVE_LANGINFO_H.c.o
/usr/bin/cc    -o CMakeFiles/cmTC_423bb.dir/HAVE_LANGINFO_H.c.o -c /var/www/html/portal/build/mysql-connector-odbc/build/CMakeFiles/CheckIncludeFiles/HAVE_LANGINFO_H.c
Linking C executable cmTC_423bb
/usr/bin/cmake -E cmake_link_script CMakeFiles/cmTC_423bb.dir/link.txt --verbose=1
/usr/bin/cc -rdynamic CMakeFiles/cmTC_423bb.dir/HAVE_LANGINFO_H.c.o -o cmTC_423bb 
gmake[1]: Leaving directory '/var/www/html/portal/build/mysql-connector-odbc/build/CMakeFiles/CMakeTmp'



Determining if files malloc.h exist passed with the following output:
Change Dir: /var/www/html/portal/build/mysql-connector-odbc/build/CMakeFiles/CMakeTmp

Run Build Command(s):/usr/bin/gmake -f Makefile cmTC_5c331/fast && /usr/bin/gmake  -f CMakeFiles/cmTC_5c331.dir/build.make CMakeFiles/cmTC_5c331.dir/build
gmake[1]: Entering directory '/var/www/html/portal/build/mysql-connector-odbc/build/CMakeFiles/CMakeTmp'
Building C object CMakeFiles/cmTC_5c331.dir/HAVE_MALLOC_H.c.o
/usr/bin/cc    -o CMakeFiles/cmTC_5c331.dir/HAVE_MALLOC_H.c.o -c /var/www/html/portal/build/mysql-connector-odbc/build/CMakeFiles/CheckIncludeFiles/HAVE_MALLOC_H.c
Linking C executable cmTC_5c331
/usr/bin/cmake -E cmake_link_script CMakeFiles/cmTC_5c331.dir/link.txt --verbose=1
/usr/bin/cc -rdynamic CMakeFiles/cmTC_5c331.dir/HAVE_MALLOC_H.c.o -o cmTC_5c331 
gmake[1]: Leaving directory '/var/www/html/portal/build/mysql-connector-odbc/build/CMakeFiles/CMakeTmp'



Determining if files netinet/in.h exist passed with the following output:
Change Dir: /var/www/html/portal/build/mysql-connector-odbc/build/CMakeFiles/CMakeTmp

Run Build Command(s):/usr/bin/gmake -f Makefile cmTC_707af/fast && /usr/bin/gmake  -f CMakeFiles/cmTC_707af.dir/build.make CMakeFiles/cmTC_707af.dir/build
gmake[1]: Entering directory '/var/www/html/portal/build/mysql-connector-odbc/build/CMakeFiles/CMakeTmp'
Building C object CMakeFiles/cmTC_707af.dir/HAVE_NETINET_IN_H.c.o
/usr/bin/cc    -o CMakeFiles/cmTC_707af.dir/HAVE_NETINET_IN_H.c.o -c /var/www/html/portal/build/mysql-connector-odbc/build/CMakeFiles/CheckIncludeFiles/HAVE_NETINET_IN_H.c
Linking C executable cmTC_707af
/usr/bin/cmake -E cmake_link_script CMakeFiles/cmTC_707af.dir/link.txt --verbose=1
/usr/bin/cc -rdynamic CMakeFiles/cmTC_707af.dir/HAVE_NETINET_IN_H.c.o -o cmTC_707af 
gmake[1]: Leaving directory '/var/www/html/portal/build/mysql-connector-odbc/build/CMakeFiles/CMakeTmp'



Determining if files poll.h exist passed with the following output:
Change Dir: /var/www/html/portal/build/mysql-connector-odbc/build/CMakeFiles/CMakeTmp

Run Build Command(s):/usr/bin/gmake -f Makefile cmTC_1633c/fast && /usr/bin/gmake  -f CMakeFiles/cmTC_1633c.dir/build.make CMakeFiles/cmTC_1633c.dir/build
gmake[1]: Entering directory '/var/www/html/portal/build/mysql-connector-odbc/build/CMakeFiles/CMakeTmp'
Building C object CMakeFiles/cmTC_1633c.dir/HAVE_POLL_H.c.o
/usr/bin/cc    -o CMakeFiles/cmTC_1633c.dir/HAVE_POLL_H.c.o -c /var/www/html/portal/build/mysql-connector-odbc/build/CMakeFiles/CheckIncludeFiles/HAVE_POLL_H.c
Linking C executable cmTC_1633c
/usr/bin/cmake -E cmake_link_script CMakeFiles/cmTC_1633c.dir/link.txt --verbose=1
/usr/bin/cc -rdynamic CMakeFiles/cmTC_1633c.dir/HAVE_POLL_H.c.o -o cmTC_1633c 
gmake[1]: Leaving directory '/var/www/html/portal/build/mysql-connector-odbc/build/CMakeFiles/CMakeTmp'



Determining if files pwd.h exist passed with the following output:
Change Dir: /var/www/html/portal/build/mysql-connector-odbc/build/CMakeFiles/CMakeTmp

Run Build Command(s):/usr/bin/gmake -f Makefile cmTC_f9bd4/fast && /usr/bin/gmake  -f CMakeFiles/cmTC_f9bd4.dir/build.make CMakeFiles/cmTC_f9bd4.dir/build
gmake[1]: Entering directory '/var/www/html/portal/build/mysql-connector-odbc/build/CMakeFiles/CMakeTmp'
Building C object CMakeFiles/cmTC_f9bd4.dir/HAVE_PWD_H.c.o
/usr/bin/cc    -o CMakeFiles/cmTC_f9bd4.dir/HAVE_PWD_H.c.o -c /var/www/html/portal/build/mysql-connector-odbc/build/CMakeFiles/CheckIncludeFiles/HAVE_PWD_H.c
Linking C executable cmTC_f9bd4
/usr/bin/cmake -E cmake_link_script CMakeFiles/cmTC_f9bd4.dir/link.txt --verbose=1
/usr/bin/cc -rdynamic CMakeFiles/cmTC_f9bd4.dir/HAVE_PWD_H.c.o -o cmTC_f9bd4 
gmake[1]: Leaving directory '/var/www/html/portal/build/mysql-connector-odbc/build/CMakeFiles/CMakeTmp'



Determining if files strings.h exist passed with the following output:
Change Dir: /var/www/html/portal/build/mysql-connector-odbc/build/CMakeFiles/CMakeTmp

Run Build Command(s):/usr/bin/gmake -f Makefile cmTC_51290/fast && /usr/bin/gmake  -f CMakeFiles/cmTC_51290.dir/build.make CMakeFiles/cmTC_51290.dir/build
gmake[1]: Entering directory '/var/www/html/portal/build/mysql-connector-odbc/build/CMakeFiles/CMakeTmp'
Building C object CMakeFiles/cmTC_51290.dir/HAVE_STRINGS_H.c.o
/usr/bin/cc    -o CMakeFiles/cmTC_51290.dir/HAVE_STRINGS_H.c.o -c /var/www/html/portal/build/mysql-connector-odbc/build/CMakeFiles/CheckIncludeFiles/HAVE_STRINGS_H.c
Linking C executable cmTC_51290
/usr/bin/cmake -E cmake_link_script CMakeFiles/cmTC_51290.dir/link.txt --verbose=1
/usr/bin/cc -rdynamic CMakeFiles/cmTC_51290.dir/HAVE_STRINGS_H.c.o -o cmTC_51290 
gmake[1]: Leaving directory '/var/www/html/portal/build/mysql-connector-odbc/build/CMakeFiles/CMakeTmp'



Determining if files sys/cdefs.h exist passed with the following output:
Change Dir: /var/www/html/portal/build/mysql-connector-odbc/build/CMakeFiles/CMakeTmp

Run Build Command(s):/usr/bin/gmake -f Makefile cmTC_40fe8/fast && /usr/bin/gmake  -f CMakeFiles/cmTC_40fe8.dir/build.make CMakeFiles/cmTC_40fe8.dir/build
gmake[1]: Entering directory '/var/www/html/portal/build/mysql-connector-odbc/build/CMakeFiles/CMakeTmp'
Building C object CMakeFiles/cmTC_40fe8.dir/HAVE_SYS_CDEFS_H.c.o
/usr/bin/cc    -o CMakeFiles/cmTC_40fe8.dir/HAVE_SYS_CDEFS_H.c.o -c /var/www/html/portal/build/mysql-connector-odbc/build/CMakeFiles/CheckIncludeFiles/HAVE_SYS_CDEFS_H.c
Linking C executable cmTC_40fe8
/usr/bin/cmake -E cmake_link_script CMakeFiles/cmTC_40fe8.dir/link.txt --verbose=1
/usr/bin/cc -rdynamic CMakeFiles/cmTC_40fe8.dir/HAVE_SYS_CDEFS_H.c.o -o cmTC_40fe8 
gmake[1]: Leaving directory '/var/www/html/portal/build/mysql-connector-odbc/build/CMakeFiles/CMakeTmp'



Determining if files sys/ioctl.h exist passed with the following output:
Change Dir: /var/www/html/portal/build/mysql-connector-odbc/build/CMakeFiles/CMakeTmp

Run Build Command(s):/usr/bin/gmake -f Makefile cmTC_2aaf4/fast && /usr/bin/gmake  -f CMakeFiles/cmTC_2aaf4.dir/build.make CMakeFiles/cmTC_2aaf4.dir/build
gmake[1]: Entering directory '/var/www/html/portal/build/mysql-connector-odbc/build/CMakeFiles/CMakeTmp'
Building C object CMakeFiles/cmTC_2aaf4.dir/HAVE_SYS_IOCTL_H.c.o
/usr/bin/cc    -o CMakeFiles/cmTC_2aaf4.dir/HAVE_SYS_IOCTL_H.c.o -c /var/www/html/portal/build/mysql-connector-odbc/build/CMakeFiles/CheckIncludeFiles/HAVE_SYS_IOCTL_H.c
Linking C executable cmTC_2aaf4
/usr/bin/cmake -E cmake_link_script CMakeFiles/cmTC_2aaf4.dir/link.txt --verbose=1
/usr/bin/cc -rdynamic CMakeFiles/cmTC_2aaf4.dir/HAVE_SYS_IOCTL_H.c.o -o cmTC_2aaf4 
gmake[1]: Leaving directory '/var/www/html/portal/build/mysql-connector-odbc/build/CMakeFiles/CMakeTmp'



Determining if files sys/mman.h exist passed with the following output:
Change Dir: /var/www/html/portal/build/mysql-connector-odbc/build/CMakeFiles/CMakeTmp

Run Build Command(s):/usr/bin/gmake -f Makefile cmTC_9c078/fast && /usr/bin/gmake  -f CMakeFiles/cmTC_9c078.dir/build.make CMakeFiles/cmTC_9c078.dir/build
gmake[1]: Entering directory '/var/www/html/portal/build/mysql-connector-odbc/build/CMakeFiles/CMakeTmp'
Building C object CMakeFiles/cmTC_9c078.dir/HAVE_SYS_MMAN_H.c.o
/usr/bin/cc    -o CMakeFiles/cmTC_9c078.dir/HAVE_SYS_MMAN_H.c.o -c /var/www/html/portal/build/mysql-connector-odbc/build/CMakeFiles/CheckIncludeFiles/HAVE_SYS_MMAN_H.c
Linking C executable cmTC_9c078
/usr/bin/cmake -E cmake_link_script CMakeFiles/cmTC_9c078.dir/link.txt --verbose=1
/usr/bin/cc -rdynamic CMakeFiles/cmTC_9c078.dir/HAVE_SYS_MMAN_H.c.o -o cmTC_9c078 
gmake[1]: Leaving directory '/var/www/html/portal/build/mysql-connector-odbc/build/CMakeFiles/CMakeTmp'



Determining if files sys/prctl.h exist passed with the following output:
Change Dir: /var/www/html/portal/build/mysql-connector-odbc/build/CMakeFiles/CMakeTmp

Run Build Command(s):/usr/bin/gmake -f Makefile cmTC_a507c/fast && /usr/bin/gmake  -f CMakeFiles/cmTC_a507c.dir/build.make CMakeFiles/cmTC_a507c.dir/build
gmake[1]: Entering directory '/var/www/html/portal/build/mysql-connector-odbc/build/CMakeFiles/CMakeTmp'
Building C object CMakeFiles/cmTC_a507c.dir/HAVE_SYS_PRCTL_H.c.o
/usr/bin/cc    -o CMakeFiles/cmTC_a507c.dir/HAVE_SYS_PRCTL_H.c.o -c /var/www/html/portal/build/mysql-connector-odbc/build/CMakeFiles/CheckIncludeFiles/HAVE_SYS_PRCTL_H.c
Linking C executable cmTC_a507c
/usr/bin/cmake -E cmake_link_script CMakeFiles/cmTC_a507c.dir/link.txt --verbose=1
/usr/bin/cc -rdynamic CMakeFiles/cmTC_a507c.dir/HAVE_SYS_PRCTL_H.c.o -o cmTC_a507c 
gmake[1]: Leaving directory '/var/www/html/portal/build/mysql-connector-odbc/build/CMakeFiles/CMakeTmp'



Determining if files sys/resource.h exist passed with the following output:
Change Dir: /var/www/html/portal/build/mysql-connector-odbc/build/CMakeFiles/CMakeTmp

Run Build Command(s):/usr/bin/gmake -f Makefile cmTC_c4e9b/fast && /usr/bin/gmake  -f CMakeFiles/cmTC_c4e9b.dir/build.make CMakeFiles/cmTC_c4e9b.dir/build
gmake[1]: Entering directory '/var/www/html/portal/build/mysql-connector-odbc/build/CMakeFiles/CMakeTmp'
Building C object CMakeFiles/cmTC_c4e9b.dir/HAVE_SYS_RESOURCE_H.c.o
/usr/bin/cc    -o CMakeFiles/cmTC_c4e9b.dir/HAVE_SYS_RESOURCE_H.c.o -c /var/www/html/portal/build/mysql-connector-odbc/build/CMakeFiles/CheckIncludeFiles/HAVE_SYS_RESOURCE_H.c
Linking C executable cmTC_c4e9b
/usr/bin/cmake -E cmake_link_script CMakeFiles/cmTC_c4e9b.dir/link.txt --verbose=1
/usr/bin/cc -rdynamic CMakeFiles/cmTC_c4e9b.dir/HAVE_SYS_RESOURCE_H.c.o -o cmTC_c4e9b 
gmake[1]: Leaving directory '/var/www/html/portal/build/mysql-connector-odbc/build/CMakeFiles/CMakeTmp'



Determining if files sys/select.h exist passed with the following output:
Change Dir: /var/www/html/portal/build/mysql-connector-odbc/build/CMakeFiles/CMakeTmp

Run Build Command(s):/usr/bin/gmake -f Makefile cmTC_a8dec/fast && /usr/bin/gmake  -f CMakeFiles/cmTC_a8dec.dir/build.make CMakeFiles/cmTC_a8dec.dir/build
gmake[1]: Entering directory '/var/www/html/portal/build/mysql-connector-odbc/build/CMakeFiles/CMakeTmp'
Building C object CMakeFiles/cmTC_a8dec.dir/HAVE_SYS_SELECT_H.c.o
/usr/bin/cc    -o CMakeFiles/cmTC_a8dec.dir/HAVE_SYS_SELECT_H.c.o -c /var/www/html/portal/build/mysql-connector-odbc/build/CMakeFiles/CheckIncludeFiles/HAVE_SYS_SELECT_H.c
Linking C executable cmTC_a8dec
/usr/bin/cmake -E cmake_link_script CMakeFiles/cmTC_a8dec.dir/link.txt --verbose=1
/usr/bin/cc -rdynamic CMakeFiles/cmTC_a8dec.dir/HAVE_SYS_SELECT_H.c.o -o cmTC_a8dec 
gmake[1]: Leaving directory '/var/www/html/portal/build/mysql-connector-odbc/build/CMakeFiles/CMakeTmp'



Determining if files sys/socket.h exist passed with the following output:
Change Dir: /var/www/html/portal/build/mysql-connector-odbc/build/CMakeFiles/CMakeTmp

Run Build Command(s):/usr/bin/gmake -f Makefile cmTC_dc30c/fast && /usr/bin/gmake  -f CMakeFiles/cmTC_dc30c.dir/build.make CMakeFiles/cmTC_dc30c.dir/build
gmake[1]: Entering directory '/var/www/html/portal/build/mysql-connector-odbc/build/CMakeFiles/CMakeTmp'
Building C object CMakeFiles/cmTC_dc30c.dir/HAVE_SYS_SOCKET_H.c.o
/usr/bin/cc    -o CMakeFiles/cmTC_dc30c.dir/HAVE_SYS_SOCKET_H.c.o -c /var/www/html/portal/build/mysql-connector-odbc/build/CMakeFiles/CheckIncludeFiles/HAVE_SYS_SOCKET_H.c
Linking C executable cmTC_dc30c
/usr/bin/cmake -E cmake_link_script CMakeFiles/cmTC_dc30c.dir/link.txt --verbose=1
/usr/bin/cc -rdynamic CMakeFiles/cmTC_dc30c.dir/HAVE_SYS_SOCKET_H.c.o -o cmTC_dc30c 
gmake[1]: Leaving directory '/var/www/html/portal/build/mysql-connector-odbc/build/CMakeFiles/CMakeTmp'



Determining if files curses.h;term.h exist passed with the following output:
Change Dir: /var/www/html/portal/build/mysql-connector-odbc/build/CMakeFiles/CMakeTmp

Run Build Command(s):/usr/bin/gmake -f Makefile cmTC_c16ef/fast && /usr/bin/gmake  -f CMakeFiles/cmTC_c16ef.dir/build.make CMakeFiles/cmTC_c16ef.dir/build
gmake[1]: Entering directory '/var/www/html/portal/build/mysql-connector-odbc/build/CMakeFiles/CMakeTmp'
Building C object CMakeFiles/cmTC_c16ef.dir/HAVE_TERM_H.c.o
/usr/bin/cc    -o CMakeFiles/cmTC_c16ef.dir/HAVE_TERM_H.c.o -c /var/www/html/portal/build/mysql-connector-odbc/build/CMakeFiles/CheckIncludeFiles/HAVE_TERM_H.c
Linking C executable cmTC_c16ef
/usr/bin/cmake -E cmake_link_script CMakeFiles/cmTC_c16ef.dir/link.txt --verbose=1
/usr/bin/cc -rdynamic CMakeFiles/cmTC_c16ef.dir/HAVE_TERM_H.c.o -o cmTC_c16ef 
gmake[1]: Leaving directory '/var/www/html/portal/build/mysql-connector-odbc/build/CMakeFiles/CMakeTmp'



Determining if files termios.h exist passed with the following output:
Change Dir: /var/www/html/portal/build/mysql-connector-odbc/build/CMakeFiles/CMakeTmp

Run Build Command(s):/usr/bin/gmake -f Makefile cmTC_54055/fast && /usr/bin/gmake  -f CMakeFiles/cmTC_54055.dir/build.make CMakeFiles/cmTC_54055.dir/build
gmake[1]: Entering directory '/var/www/html/portal/build/mysql-connector-odbc/build/CMakeFiles/CMakeTmp'
Building C object CMakeFiles/cmTC_54055.dir/HAVE_TERMIOS_H.c.o
/usr/bin/cc    -o CMakeFiles/cmTC_54055.dir/HAVE_TERMIOS_H.c.o -c /var/www/html/portal/build/mysql-connector-odbc/build/CMakeFiles/CheckIncludeFiles/HAVE_TERMIOS_H.c
Linking C executable cmTC_54055
/usr/bin/cmake -E cmake_link_script CMakeFiles/cmTC_54055.dir/link.txt --verbose=1
/usr/bin/cc -rdynamic CMakeFiles/cmTC_54055.dir/HAVE_TERMIOS_H.c.o -o cmTC_54055 
gmake[1]: Leaving directory '/var/www/html/portal/build/mysql-connector-odbc/build/CMakeFiles/CMakeTmp'



Determining if files termio.h exist passed with the following output:
Change Dir: /var/www/html/portal/build/mysql-connector-odbc/build/CMakeFiles/CMakeTmp

Run Build Command(s):/usr/bin/gmake -f Makefile cmTC_f36d2/fast && /usr/bin/gmake  -f CMakeFiles/cmTC_f36d2.dir/build.make CMakeFiles/cmTC_f36d2.dir/build
gmake[1]: Entering directory '/var/www/html/portal/build/mysql-connector-odbc/build/CMakeFiles/CMakeTmp'
Building C object CMakeFiles/cmTC_f36d2.dir/HAVE_TERMIO_H.c.o
/usr/bin/cc    -o CMakeFiles/cmTC_f36d2.dir/HAVE_TERMIO_H.c.o -c /var/www/html/portal/build/mysql-connector-odbc/build/CMakeFiles/CheckIncludeFiles/HAVE_TERMIO_H.c
Linking C executable cmTC_f36d2
/usr/bin/cmake -E cmake_link_script CMakeFiles/cmTC_f36d2.dir/link.txt --verbose=1
/usr/bin/cc -rdynamic CMakeFiles/cmTC_f36d2.dir/HAVE_TERMIO_H.c.o -o cmTC_f36d2 
gmake[1]: Leaving directory '/var/www/html/portal/build/mysql-connector-odbc/build/CMakeFiles/CMakeTmp'



Determining if files unistd.h exist passed with the following output:
Change Dir: /var/www/html/portal/build/mysql-connector-odbc/build/CMakeFiles/CMakeTmp

Run Build Command(s):/usr/bin/gmake -f Makefile cmTC_3d14a/fast && /usr/bin/gmake  -f CMakeFiles/cmTC_3d14a.dir/build.make CMakeFiles/cmTC_3d14a.dir/build
gmake[1]: Entering directory '/var/www/html/portal/build/mysql-connector-odbc/build/CMakeFiles/CMakeTmp'
Building C object CMakeFiles/cmTC_3d14a.dir/HAVE_UNISTD_H.c.o
/usr/bin/cc    -o CMakeFiles/cmTC_3d14a.dir/HAVE_UNISTD_H.c.o -c /var/www/html/portal/build/mysql-connector-odbc/build/CMakeFiles/CheckIncludeFiles/HAVE_UNISTD_H.c
Linking C executable cmTC_3d14a
/usr/bin/cmake -E cmake_link_script CMakeFiles/cmTC_3d14a.dir/link.txt --verbose=1
/usr/bin/cc -rdynamic CMakeFiles/cmTC_3d14a.dir/HAVE_UNISTD_H.c.o -o cmTC_3d14a 
gmake[1]: Leaving directory '/var/www/html/portal/build/mysql-connector-odbc/build/CMakeFiles/CMakeTmp'



Determining if files sys/wait.h exist passed with the following output:
Change Dir: /var/www/html/portal/build/mysql-connector-odbc/build/CMakeFiles/CMakeTmp

Run Build Command(s):/usr/bin/gmake -f Makefile cmTC_404e5/fast && /usr/bin/gmake  -f CMakeFiles/cmTC_404e5.dir/build.make CMakeFiles/cmTC_404e5.dir/build
gmake[1]: Entering directory '/var/www/html/portal/build/mysql-connector-odbc/build/CMakeFiles/CMakeTmp'
Building C object CMakeFiles/cmTC_404e5.dir/HAVE_SYS_WAIT_H.c.o
/usr/bin/cc    -o CMakeFiles/cmTC_404e5.dir/HAVE_SYS_WAIT_H.c.o -c /var/www/html/portal/build/mysql-connector-odbc/build/CMakeFiles/CheckIncludeFiles/HAVE_SYS_WAIT_H.c
Linking C executable cmTC_404e5
/usr/bin/cmake -E cmake_link_script CMakeFiles/cmTC_404e5.dir/link.txt --verbose=1
/usr/bin/cc -rdynamic CMakeFiles/cmTC_404e5.dir/HAVE_SYS_WAIT_H.c.o -o cmTC_404e5 
gmake[1]: Leaving directory '/var/www/html/portal/build/mysql-connector-odbc/build/CMakeFiles/CMakeTmp'



Determining if files sys/param.h exist passed with the following output:
Change Dir: /var/www/html/portal/build/mysql-connector-odbc/build/CMakeFiles/CMakeTmp

Run Build Command(s):/usr/bin/gmake -f Makefile cmTC_fded3/fast && /usr/bin/gmake  -f CMakeFiles/cmTC_fded3.dir/build.make CMakeFiles/cmTC_fded3.dir/build
gmake[1]: Entering directory '/var/www/html/portal/build/mysql-connector-odbc/build/CMakeFiles/CMakeTmp'
Building C object CMakeFiles/cmTC_fded3.dir/HAVE_SYS_PARAM_H.c.o
/usr/bin/cc    -o CMakeFiles/cmTC_fded3.dir/HAVE_SYS_PARAM_H.c.o -c /var/www/html/portal/build/mysql-connector-odbc/build/CMakeFiles/CheckIncludeFiles/HAVE_SYS_PARAM_H.c
Linking C executable cmTC_fded3
/usr/bin/cmake -E cmake_link_script CMakeFiles/cmTC_fded3.dir/link.txt --verbose=1
/usr/bin/cc -rdynamic CMakeFiles/cmTC_fded3.dir/HAVE_SYS_PARAM_H.c.o -o cmTC_fded3 
gmake[1]: Leaving directory '/var/www/html/portal/build/mysql-connector-odbc/build/CMakeFiles/CMakeTmp'



Determining if files fnmatch.h exist passed with the following output:
Change Dir: /var/www/html/portal/build/mysql-connector-odbc/build/CMakeFiles/CMakeTmp

Run Build Command(s):/usr/bin/gmake -f Makefile cmTC_95d95/fast && /usr/bin/gmake  -f CMakeFiles/cmTC_95d95.dir/build.make CMakeFiles/cmTC_95d95.dir/build
gmake[1]: Entering directory '/var/www/html/portal/build/mysql-connector-odbc/build/CMakeFiles/CMakeTmp'
Building C object CMakeFiles/cmTC_95d95.dir/HAVE_FNMATCH_H.c.o
/usr/bin/cc    -o CMakeFiles/cmTC_95d95.dir/HAVE_FNMATCH_H.c.o -c /var/www/html/portal/build/mysql-connector-odbc/build/CMakeFiles/CheckIncludeFiles/HAVE_FNMATCH_H.c
Linking C executable cmTC_95d95
/usr/bin/cmake -E cmake_link_script CMakeFiles/cmTC_95d95.dir/link.txt --verbose=1
/usr/bin/cc -rdynamic CMakeFiles/cmTC_95d95.dir/HAVE_FNMATCH_H.c.o -o cmTC_95d95 
gmake[1]: Leaving directory '/var/www/html/portal/build/mysql-connector-odbc/build/CMakeFiles/CMakeTmp'



Determining if files sys/un.h exist passed with the following output:
Change Dir: /var/www/html/portal/build/mysql-connector-odbc/build/CMakeFiles/CMakeTmp

Run Build Command(s):/usr/bin/gmake -f Makefile cmTC_e1e17/fast && /usr/bin/gmake  -f CMakeFiles/cmTC_e1e17.dir/build.make CMakeFiles/cmTC_e1e17.dir/build
gmake[1]: Entering directory '/var/www/html/portal/build/mysql-connector-odbc/build/CMakeFiles/CMakeTmp'
Building C object CMakeFiles/cmTC_e1e17.dir/HAVE_SYS_UN_H.c.o
/usr/bin/cc    -o CMakeFiles/cmTC_e1e17.dir/HAVE_SYS_UN_H.c.o -c /var/www/html/portal/build/mysql-connector-odbc/build/CMakeFiles/CheckIncludeFiles/HAVE_SYS_UN_H.c
Linking C executable cmTC_e1e17
/usr/bin/cmake -E cmake_link_script CMakeFiles/cmTC_e1e17.dir/link.txt --verbose=1
/usr/bin/cc -rdynamic CMakeFiles/cmTC_e1e17.dir/HAVE_SYS_UN_H.c.o -o cmTC_e1e17 
gmake[1]: Leaving directory '/var/www/html/portal/build/mysql-connector-odbc/build/CMakeFiles/CMakeTmp'



Determining if files sys/epoll.h exist passed with the following output:
Change Dir: /var/www/html/portal/build/mysql-connector-odbc/build/CMakeFiles/CMakeTmp

Run Build Command(s):/usr/bin/gmake -f Makefile cmTC_4eab2/fast && /usr/bin/gmake  -f CMakeFiles/cmTC_4eab2.dir/build.make CMakeFiles/cmTC_4eab2.dir/build
gmake[1]: Entering directory '/var/www/html/portal/build/mysql-connector-odbc/build/CMakeFiles/CMakeTmp'
Building C object CMakeFiles/cmTC_4eab2.dir/HAVE_SYS_EPOLL_H.c.o
/usr/bin/cc    -o CMakeFiles/cmTC_4eab2.dir/HAVE_SYS_EPOLL_H.c.o -c /var/www/html/portal/build/mysql-connector-odbc/build/CMakeFiles/CheckIncludeFiles/HAVE_SYS_EPOLL_H.c
Linking C executable cmTC_4eab2
/usr/bin/cmake -E cmake_link_script CMakeFiles/cmTC_4eab2.dir/link.txt --verbose=1
/usr/bin/cc -rdynamic CMakeFiles/cmTC_4eab2.dir/HAVE_SYS_EPOLL_H.c.o -o cmTC_4eab2 
gmake[1]: Leaving directory '/var/www/html/portal/build/mysql-connector-odbc/build/CMakeFiles/CMakeTmp'



Determining if the TAILQ_FOREACH exist passed with the following output:
Change Dir: /var/www/html/portal/build/mysql-connector-odbc/build/CMakeFiles/CMakeTmp

Run Build Command(s):/usr/bin/gmake -f Makefile cmTC_9c3a0/fast && /usr/bin/gmake  -f CMakeFiles/cmTC_9c3a0.dir/build.make CMakeFiles/cmTC_9c3a0.dir/build
gmake[1]: Entering directory '/var/www/html/portal/build/mysql-connector-odbc/build/CMakeFiles/CMakeTmp'
Building C object CMakeFiles/cmTC_9c3a0.dir/CheckSymbolExists.c.o
/usr/bin/cc    -o CMakeFiles/cmTC_9c3a0.dir/CheckSymbolExists.c.o -c /var/www/html/portal/build/mysql-connector-odbc/build/CMakeFiles/CMakeTmp/CheckSymbolExists.c
Linking C executable cmTC_9c3a0
/usr/bin/cmake -E cmake_link_script CMakeFiles/cmTC_9c3a0.dir/link.txt --verbose=1
/usr/bin/cc -rdynamic CMakeFiles/cmTC_9c3a0.dir/CheckSymbolExists.c.o -o cmTC_9c3a0  -lm -lcrypt -latomic 
gmake[1]: Leaving directory '/var/www/html/portal/build/mysql-connector-odbc/build/CMakeFiles/CMakeTmp'


File /var/www/html/portal/build/mysql-connector-odbc/build/CMakeFiles/CMakeTmp/CheckSymbolExists.c:
/* */
#include <sys/queue.h>

int main(int argc, char** argv)
{
  (void)argv;
#ifndef TAILQ_FOREACH
  return ((int*)(&TAILQ_FOREACH))[argc];
#else
  (void)argc;
  return 0;
#endif
}
Determining if the function backtrace exists passed with the following output:
Change Dir: /var/www/html/portal/build/mysql-connector-odbc/build/CMakeFiles/CMakeTmp

Run Build Command(s):/usr/bin/gmake -f Makefile cmTC_81f84/fast && /usr/bin/gmake  -f CMakeFiles/cmTC_81f84.dir/build.make CMakeFiles/cmTC_81f84.dir/build
gmake[1]: Entering directory '/var/www/html/portal/build/mysql-connector-odbc/build/CMakeFiles/CMakeTmp'
Building C object CMakeFiles/cmTC_81f84.dir/CheckFunctionExists.c.o
/usr/bin/cc   -DCHECK_FUNCTION_EXISTS=backtrace -o CMakeFiles/cmTC_81f84.dir/CheckFunctionExists.c.o -c /usr/share/cmake-3.22/Modules/CheckFunctionExists.c
Linking C executable cmTC_81f84
/usr/bin/cmake -E cmake_link_script CMakeFiles/cmTC_81f84.dir/link.txt --verbose=1
/usr/bin/cc  -DCHECK_FUNCTION_EXISTS=backtrace -rdynamic CMakeFiles/cmTC_81f84.dir/CheckFunctionExists.c.o -o cmTC_81f84  -lm -lcrypt -latomic 
gmake[1]: Leaving directory '/var/www/html/portal/build/mysql-connector-odbc/build/CMakeFiles/CMakeTmp'



Determining if the function index exists passed with the following output:
Change Dir: /var/www/html/portal/build/mysql-connector-odbc/build/CMakeFiles/CMakeTmp

Run Build Command(s):/usr/bin/gmake -f Makefile cmTC_4e6d7/fast && /usr/bin/gmake  -f CMakeFiles/cmTC_4e6d7.dir/build.make CMakeFiles/cmTC_4e6d7.dir/build
gmake[1]: Entering directory '/var/www/html/portal/build/mysql-connector-odbc/build/CMakeFiles/CMakeTmp'
Building C object CMakeFiles/cmTC_4e6d7.dir/CheckFunctionExists.c.o
/usr/bin/cc   -DCHECK_FUNCTION_EXISTS=index -o CMakeFiles/cmTC_4e6d7.dir/CheckFunctionExists.c.o -c /usr/share/cmake-3.22/Modules/CheckFunctionExists.c
<command-line>: warning: conflicting types for built-in function ‘index’; expected ‘char *(const char *, int)’ [-Wbuiltin-declaration-mismatch]
/usr/share/cmake-3.22/Modules/CheckFunctionExists.c:7:3: note: in expansion of macro ‘CHECK_FUNCTION_EXISTS’
    7 |   CHECK_FUNCTION_EXISTS(void);
      |   ^~~~~~~~~~~~~~~~~~~~~
Linking C executable cmTC_4e6d7
/usr/bin/cmake -E cmake_link_script CMakeFiles/cmTC_4e6d7.dir/link.txt --verbose=1
/usr/bin/cc  -DCHECK_FUNCTION_EXISTS=index -rdynamic CMakeFiles/cmTC_4e6d7.dir/CheckFunctionExists.c.o -o cmTC_4e6d7  -lm -lcrypt -latomic 
gmake[1]: Leaving directory '/var/www/html/portal/build/mysql-connector-odbc/build/CMakeFiles/CMakeTmp'



Determining if the function chown exists passed with the following output:
Change Dir: /var/www/html/portal/build/mysql-connector-odbc/build/CMakeFiles/CMakeTmp

Run Build Command(s):/usr/bin/gmake -f Makefile cmTC_c973d/fast && /usr/bin/gmake  -f CMakeFiles/cmTC_c973d.dir/build.make CMakeFiles/cmTC_c973d.dir/build
gmake[1]: Entering directory '/var/www/html/portal/build/mysql-connector-odbc/build/CMakeFiles/CMakeTmp'
Building C object CMakeFiles/cmTC_c973d.dir/CheckFunctionExists.c.o
/usr/bin/cc   -DCHECK_FUNCTION_EXISTS=chown -o CMakeFiles/cmTC_c973d.dir/CheckFunctionExists.c.o -c /usr/share/cmake-3.22/Modules/CheckFunctionExists.c
Linking C executable cmTC_c973d
/usr/bin/cmake -E cmake_link_script CMakeFiles/cmTC_c973d.dir/link.txt --verbose=1
/usr/bin/cc  -DCHECK_FUNCTION_EXISTS=chown -rdynamic CMakeFiles/cmTC_c973d.dir/CheckFunctionExists.c.o -o cmTC_c973d  -lm -lcrypt -latomic 
gmake[1]: Leaving directory '/var/www/html/portal/build/mysql-connector-odbc/build/CMakeFiles/CMakeTmp'



Determining if the function cuserid exists passed with the following output:
Change Dir: /var/www/html/portal/build/mysql-connector-odbc/build/CMakeFiles/CMakeTmp

Run Build Command(s):/usr/bin/gmake -f Makefile cmTC_b8c84/fast && /usr/bin/gmake  -f CMakeFiles/cmTC_b8c84.dir/build.make CMakeFiles/cmTC_b8c84.dir/build
gmake[1]: Entering directory '/var/www/html/portal/build/mysql-connector-odbc/build/CMakeFiles/CMakeTmp'
Building C object CMakeFiles/cmTC_b8c84.dir/CheckFunctionExists.c.o
/usr/bin/cc   -DCHECK_FUNCTION_EXISTS=cuserid -o CMakeFiles/cmTC_b8c84.dir/CheckFunctionExists.c.o -c /usr/share/cmake-3.22/Modules/CheckFunctionExists.c
Linking C executable cmTC_b8c84
/usr/bin/cmake -E cmake_link_script CMakeFiles/cmTC_b8c84.dir/link.txt --verbose=1
/usr/bin/cc  -DCHECK_FUNCTION_EXISTS=cuserid -rdynamic CMakeFiles/cmTC_b8c84.dir/CheckFunctionExists.c.o -o cmTC_b8c84  -lm -lcrypt -latomic 
gmake[1]: Leaving directory '/var/www/html/portal/build/mysql-connector-odbc/build/CMakeFiles/CMakeTmp'



Determining if the function ftruncate exists passed with the following output:
Change Dir: /var/www/html/portal/build/mysql-connector-odbc/build/CMakeFiles/CMakeTmp

Run Build Command(s):/usr/bin/gmake -f Makefile cmTC_6bfe0/fast && /usr/bin/gmake  -f CMakeFiles/cmTC_6bfe0.dir/build.make CMakeFiles/cmTC_6bfe0.dir/build
gmake[1]: Entering directory '/var/www/html/portal/build/mysql-connector-odbc/build/CMakeFiles/CMakeTmp'
Building C object CMakeFiles/cmTC_6bfe0.dir/CheckFunctionExists.c.o
/usr/bin/cc   -DCHECK_FUNCTION_EXISTS=ftruncate -o CMakeFiles/cmTC_6bfe0.dir/CheckFunctionExists.c.o -c /usr/share/cmake-3.22/Modules/CheckFunctionExists.c
Linking C executable cmTC_6bfe0
/usr/bin/cmake -E cmake_link_script CMakeFiles/cmTC_6bfe0.dir/link.txt --verbose=1
/usr/bin/cc  -DCHECK_FUNCTION_EXISTS=ftruncate -rdynamic CMakeFiles/cmTC_6bfe0.dir/CheckFunctionExists.c.o -o cmTC_6bfe0  -lm -lcrypt -latomic 
gmake[1]: Leaving directory '/var/www/html/portal/build/mysql-connector-odbc/build/CMakeFiles/CMakeTmp'



Determining if the function fchmod exists passed with the following output:
Change Dir: /var/www/html/portal/build/mysql-connector-odbc/build/CMakeFiles/CMakeTmp

Run Build Command(s):/usr/bin/gmake -f Makefile cmTC_ae7c5/fast && /usr/bin/gmake  -f CMakeFiles/cmTC_ae7c5.dir/build.make CMakeFiles/cmTC_ae7c5.dir/build
gmake[1]: Entering directory '/var/www/html/portal/build/mysql-connector-odbc/build/CMakeFiles/CMakeTmp'
Building C object CMakeFiles/cmTC_ae7c5.dir/CheckFunctionExists.c.o
/usr/bin/cc   -DCHECK_FUNCTION_EXISTS=fchmod -o CMakeFiles/cmTC_ae7c5.dir/CheckFunctionExists.c.o -c /usr/share/cmake-3.22/Modules/CheckFunctionExists.c
Linking C executable cmTC_ae7c5
/usr/bin/cmake -E cmake_link_script CMakeFiles/cmTC_ae7c5.dir/link.txt --verbose=1
/usr/bin/cc  -DCHECK_FUNCTION_EXISTS=fchmod -rdynamic CMakeFiles/cmTC_ae7c5.dir/CheckFunctionExists.c.o -o cmTC_ae7c5  -lm -lcrypt -latomic 
gmake[1]: Leaving directory '/var/www/html/portal/build/mysql-connector-odbc/build/CMakeFiles/CMakeTmp'



Determining if the function fcntl exists passed with the following output:
Change Dir: /var/www/html/portal/build/mysql-connector-odbc/build/CMakeFiles/CMakeTmp

Run Build Command(s):/usr/bin/gmake -f Makefile cmTC_5a9d5/fast && /usr/bin/gmake  -f CMakeFiles/cmTC_5a9d5.dir/build.make CMakeFiles/cmTC_5a9d5.dir/build
gmake[1]: Entering directory '/var/www/html/portal/build/mysql-connector-odbc/build/CMakeFiles/CMakeTmp'
Building C object CMakeFiles/cmTC_5a9d5.dir/CheckFunctionExists.c.o
/usr/bin/cc   -DCHECK_FUNCTION_EXISTS=fcntl -o CMakeFiles/cmTC_5a9d5.dir/CheckFunctionExists.c.o -c /usr/share/cmake-3.22/Modules/CheckFunctionExists.c
Linking C executable cmTC_5a9d5
/usr/bin/cmake -E cmake_link_script CMakeFiles/cmTC_5a9d5.dir/link.txt --verbose=1
/usr/bin/cc  -DCHECK_FUNCTION_EXISTS=fcntl -rdynamic CMakeFiles/cmTC_5a9d5.dir/CheckFunctionExists.c.o -o cmTC_5a9d5  -lm -lcrypt -latomic 
gmake[1]: Leaving directory '/var/www/html/portal/build/mysql-connector-odbc/build/CMakeFiles/CMakeTmp'



Determining if the function fdatasync exists passed with the following output:
Change Dir: /var/www/html/portal/build/mysql-connector-odbc/build/CMakeFiles/CMakeTmp

Run Build Command(s):/usr/bin/gmake -f Makefile cmTC_50aff/fast && /usr/bin/gmake  -f CMakeFiles/cmTC_50aff.dir/build.make CMakeFiles/cmTC_50aff.dir/build
gmake[1]: Entering directory '/var/www/html/portal/build/mysql-connector-odbc/build/CMakeFiles/CMakeTmp'
Building C object CMakeFiles/cmTC_50aff.dir/CheckFunctionExists.c.o
/usr/bin/cc   -DCHECK_FUNCTION_EXISTS=fdatasync -o CMakeFiles/cmTC_50aff.dir/CheckFunctionExists.c.o -c /usr/share/cmake-3.22/Modules/CheckFunctionExists.c
Linking C executable cmTC_50aff
/usr/bin/cmake -E cmake_link_script CMakeFiles/cmTC_50aff.dir/link.txt --verbose=1
/usr/bin/cc  -DCHECK_FUNCTION_EXISTS=fdatasync -rdynamic CMakeFiles/cmTC_50aff.dir/CheckFunctionExists.c.o -o cmTC_50aff  -lm -lcrypt -latomic 
gmake[1]: Leaving directory '/var/www/html/portal/build/mysql-connector-odbc/build/CMakeFiles/CMakeTmp'



Determining if the fdatasync exist passed with the following output:
Change Dir: /var/www/html/portal/build/mysql-connector-odbc/build/CMakeFiles/CMakeTmp

Run Build Command(s):/usr/bin/gmake -f Makefile cmTC_b3c84/fast && /usr/bin/gmake  -f CMakeFiles/cmTC_b3c84.dir/build.make CMakeFiles/cmTC_b3c84.dir/build
gmake[1]: Entering directory '/var/www/html/portal/build/mysql-connector-odbc/build/CMakeFiles/CMakeTmp'
Building C object CMakeFiles/cmTC_b3c84.dir/CheckSymbolExists.c.o
/usr/bin/cc    -o CMakeFiles/cmTC_b3c84.dir/CheckSymbolExists.c.o -c /var/www/html/portal/build/mysql-connector-odbc/build/CMakeFiles/CMakeTmp/CheckSymbolExists.c
Linking C executable cmTC_b3c84
/usr/bin/cmake -E cmake_link_script CMakeFiles/cmTC_b3c84.dir/link.txt --verbose=1
/usr/bin/cc -rdynamic CMakeFiles/cmTC_b3c84.dir/CheckSymbolExists.c.o -o cmTC_b3c84  -lm -lcrypt -latomic 
gmake[1]: Leaving directory '/var/www/html/portal/build/mysql-connector-odbc/build/CMakeFiles/CMakeTmp'


File /var/www/html/portal/build/mysql-connector-odbc/build/CMakeFiles/CMakeTmp/CheckSymbolExists.c:
/* */
#include <unistd.h>

int main(int argc, char** argv)
{
  (void)argv;
#ifndef fdatasync
  return ((int*)(&fdatasync))[argc];
#else
  (void)argc;
  return 0;
#endif
}
Determining if the function fedisableexcept exists passed with the following output:
Change Dir: /var/www/html/portal/build/mysql-connector-odbc/build/CMakeFiles/CMakeTmp

Run Build Command(s):/usr/bin/gmake -f Makefile cmTC_eabfe/fast && /usr/bin/gmake  -f CMakeFiles/cmTC_eabfe.dir/build.make CMakeFiles/cmTC_eabfe.dir/build
gmake[1]: Entering directory '/var/www/html/portal/build/mysql-connector-odbc/build/CMakeFiles/CMakeTmp'
Building C object CMakeFiles/cmTC_eabfe.dir/CheckFunctionExists.c.o
/usr/bin/cc   -DCHECK_FUNCTION_EXISTS=fedisableexcept -o CMakeFiles/cmTC_eabfe.dir/CheckFunctionExists.c.o -c /usr/share/cmake-3.22/Modules/CheckFunctionExists.c
Linking C executable cmTC_eabfe
/usr/bin/cmake -E cmake_link_script CMakeFiles/cmTC_eabfe.dir/link.txt --verbose=1
/usr/bin/cc  -DCHECK_FUNCTION_EXISTS=fedisableexcept -rdynamic CMakeFiles/cmTC_eabfe.dir/CheckFunctionExists.c.o -o cmTC_eabfe  -lm -lcrypt -latomic 
gmake[1]: Leaving directory '/var/www/html/portal/build/mysql-connector-odbc/build/CMakeFiles/CMakeTmp'



Determining if the function fseeko exists passed with the following output:
Change Dir: /var/www/html/portal/build/mysql-connector-odbc/build/CMakeFiles/CMakeTmp

Run Build Command(s):/usr/bin/gmake -f Makefile cmTC_05735/fast && /usr/bin/gmake  -f CMakeFiles/cmTC_05735.dir/build.make CMakeFiles/cmTC_05735.dir/build
gmake[1]: Entering directory '/var/www/html/portal/build/mysql-connector-odbc/build/CMakeFiles/CMakeTmp'
Building C object CMakeFiles/cmTC_05735.dir/CheckFunctionExists.c.o
/usr/bin/cc   -DCHECK_FUNCTION_EXISTS=fseeko -o CMakeFiles/cmTC_05735.dir/CheckFunctionExists.c.o -c /usr/share/cmake-3.22/Modules/CheckFunctionExists.c
Linking C executable cmTC_05735
/usr/bin/cmake -E cmake_link_script CMakeFiles/cmTC_05735.dir/link.txt --verbose=1
/usr/bin/cc  -DCHECK_FUNCTION_EXISTS=fseeko -rdynamic CMakeFiles/cmTC_05735.dir/CheckFunctionExists.c.o -o cmTC_05735  -lm -lcrypt -latomic 
gmake[1]: Leaving directory '/var/www/html/portal/build/mysql-connector-odbc/build/CMakeFiles/CMakeTmp'



Determining if the function fsync exists passed with the following output:
Change Dir: /var/www/html/portal/build/mysql-connector-odbc/build/CMakeFiles/CMakeTmp

Run Build Command(s):/usr/bin/gmake -f Makefile cmTC_2f832/fast && /usr/bin/gmake  -f CMakeFiles/cmTC_2f832.dir/build.make CMakeFiles/cmTC_2f832.dir/build
gmake[1]: Entering directory '/var/www/html/portal/build/mysql-connector-odbc/build/CMakeFiles/CMakeTmp'
Building C object CMakeFiles/cmTC_2f832.dir/CheckFunctionExists.c.o
/usr/bin/cc   -DCHECK_FUNCTION_EXISTS=fsync -o CMakeFiles/cmTC_2f832.dir/CheckFunctionExists.c.o -c /usr/share/cmake-3.22/Modules/CheckFunctionExists.c
Linking C executable cmTC_2f832
/usr/bin/cmake -E cmake_link_script CMakeFiles/cmTC_2f832.dir/link.txt --verbose=1
/usr/bin/cc  -DCHECK_FUNCTION_EXISTS=fsync -rdynamic CMakeFiles/cmTC_2f832.dir/CheckFunctionExists.c.o -o cmTC_2f832  -lm -lcrypt -latomic 
gmake[1]: Leaving directory '/var/www/html/portal/build/mysql-connector-odbc/build/CMakeFiles/CMakeTmp'



Determining if the function getnameinfo exists passed with the following output:
Change Dir: /var/www/html/portal/build/mysql-connector-odbc/build/CMakeFiles/CMakeTmp

Run Build Command(s):/usr/bin/gmake -f Makefile cmTC_3f3ab/fast && /usr/bin/gmake  -f CMakeFiles/cmTC_3f3ab.dir/build.make CMakeFiles/cmTC_3f3ab.dir/build
gmake[1]: Entering directory '/var/www/html/portal/build/mysql-connector-odbc/build/CMakeFiles/CMakeTmp'
Building C object CMakeFiles/cmTC_3f3ab.dir/CheckFunctionExists.c.o
/usr/bin/cc   -DCHECK_FUNCTION_EXISTS=getnameinfo -o CMakeFiles/cmTC_3f3ab.dir/CheckFunctionExists.c.o -c /usr/share/cmake-3.22/Modules/CheckFunctionExists.c
Linking C executable cmTC_3f3ab
/usr/bin/cmake -E cmake_link_script CMakeFiles/cmTC_3f3ab.dir/link.txt --verbose=1
/usr/bin/cc  -DCHECK_FUNCTION_EXISTS=getnameinfo -rdynamic CMakeFiles/cmTC_3f3ab.dir/CheckFunctionExists.c.o -o cmTC_3f3ab  -lm -lcrypt -latomic 
gmake[1]: Leaving directory '/var/www/html/portal/build/mysql-connector-odbc/build/CMakeFiles/CMakeTmp'



Determining if the function getpass exists passed with the following output:
Change Dir: /var/www/html/portal/build/mysql-connector-odbc/build/CMakeFiles/CMakeTmp

Run Build Command(s):/usr/bin/gmake -f Makefile cmTC_d0b27/fast && /usr/bin/gmake  -f CMakeFiles/cmTC_d0b27.dir/build.make CMakeFiles/cmTC_d0b27.dir/build
gmake[1]: Entering directory '/var/www/html/portal/build/mysql-connector-odbc/build/CMakeFiles/CMakeTmp'
Building C object CMakeFiles/cmTC_d0b27.dir/CheckFunctionExists.c.o
/usr/bin/cc   -DCHECK_FUNCTION_EXISTS=getpass -o CMakeFiles/cmTC_d0b27.dir/CheckFunctionExists.c.o -c /usr/share/cmake-3.22/Modules/CheckFunctionExists.c
Linking C executable cmTC_d0b27
/usr/bin/cmake -E cmake_link_script CMakeFiles/cmTC_d0b27.dir/link.txt --verbose=1
/usr/bin/cc  -DCHECK_FUNCTION_EXISTS=getpass -rdynamic CMakeFiles/cmTC_d0b27.dir/CheckFunctionExists.c.o -o cmTC_d0b27  -lm -lcrypt -latomic 
gmake[1]: Leaving directory '/var/www/html/portal/build/mysql-connector-odbc/build/CMakeFiles/CMakeTmp'



Determining if the function getpwuid exists passed with the following output:
Change Dir: /var/www/html/portal/build/mysql-connector-odbc/build/CMakeFiles/CMakeTmp

Run Build Command(s):/usr/bin/gmake -f Makefile cmTC_11ad4/fast && /usr/bin/gmake  -f CMakeFiles/cmTC_11ad4.dir/build.make CMakeFiles/cmTC_11ad4.dir/build
gmake[1]: Entering directory '/var/www/html/portal/build/mysql-connector-odbc/build/CMakeFiles/CMakeTmp'
Building C object CMakeFiles/cmTC_11ad4.dir/CheckFunctionExists.c.o
/usr/bin/cc   -DCHECK_FUNCTION_EXISTS=getpwuid -o CMakeFiles/cmTC_11ad4.dir/CheckFunctionExists.c.o -c /usr/share/cmake-3.22/Modules/CheckFunctionExists.c
Linking C executable cmTC_11ad4
/usr/bin/cmake -E cmake_link_script CMakeFiles/cmTC_11ad4.dir/link.txt --verbose=1
/usr/bin/cc  -DCHECK_FUNCTION_EXISTS=getpwuid -rdynamic CMakeFiles/cmTC_11ad4.dir/CheckFunctionExists.c.o -o cmTC_11ad4  -lm -lcrypt -latomic 
gmake[1]: Leaving directory '/var/www/html/portal/build/mysql-connector-odbc/build/CMakeFiles/CMakeTmp'



Determining if the function getrlimit exists passed with the following output:
Change Dir: /var/www/html/portal/build/mysql-connector-odbc/build/CMakeFiles/CMakeTmp

Run Build Command(s):/usr/bin/gmake -f Makefile cmTC_c89ae/fast && /usr/bin/gmake  -f CMakeFiles/cmTC_c89ae.dir/build.make CMakeFiles/cmTC_c89ae.dir/build
gmake[1]: Entering directory '/var/www/html/portal/build/mysql-connector-odbc/build/CMakeFiles/CMakeTmp'
Building C object CMakeFiles/cmTC_c89ae.dir/CheckFunctionExists.c.o
/usr/bin/cc   -DCHECK_FUNCTION_EXISTS=getrlimit -o CMakeFiles/cmTC_c89ae.dir/CheckFunctionExists.c.o -c /usr/share/cmake-3.22/Modules/CheckFunctionExists.c
Linking C executable cmTC_c89ae
/usr/bin/cmake -E cmake_link_script CMakeFiles/cmTC_c89ae.dir/link.txt --verbose=1
/usr/bin/cc  -DCHECK_FUNCTION_EXISTS=getrlimit -rdynamic CMakeFiles/cmTC_c89ae.dir/CheckFunctionExists.c.o -o cmTC_c89ae  -lm -lcrypt -latomic 
gmake[1]: Leaving directory '/var/www/html/portal/build/mysql-connector-odbc/build/CMakeFiles/CMakeTmp'



Determining if the function getrusage exists passed with the following output:
Change Dir: /var/www/html/portal/build/mysql-connector-odbc/build/CMakeFiles/CMakeTmp

Run Build Command(s):/usr/bin/gmake -f Makefile cmTC_05618/fast && /usr/bin/gmake  -f CMakeFiles/cmTC_05618.dir/build.make CMakeFiles/cmTC_05618.dir/build
gmake[1]: Entering directory '/var/www/html/portal/build/mysql-connector-odbc/build/CMakeFiles/CMakeTmp'
Building C object CMakeFiles/cmTC_05618.dir/CheckFunctionExists.c.o
/usr/bin/cc   -DCHECK_FUNCTION_EXISTS=getrusage -o CMakeFiles/cmTC_05618.dir/CheckFunctionExists.c.o -c /usr/share/cmake-3.22/Modules/CheckFunctionExists.c
Linking C executable cmTC_05618
/usr/bin/cmake -E cmake_link_script CMakeFiles/cmTC_05618.dir/link.txt --verbose=1
/usr/bin/cc  -DCHECK_FUNCTION_EXISTS=getrusage -rdynamic CMakeFiles/cmTC_05618.dir/CheckFunctionExists.c.o -o cmTC_05618  -lm -lcrypt -latomic 
gmake[1]: Leaving directory '/var/www/html/portal/build/mysql-connector-odbc/build/CMakeFiles/CMakeTmp'



Determining if the function initgroups exists passed with the following output:
Change Dir: /var/www/html/portal/build/mysql-connector-odbc/build/CMakeFiles/CMakeTmp

Run Build Command(s):/usr/bin/gmake -f Makefile cmTC_0cb0c/fast && /usr/bin/gmake  -f CMakeFiles/cmTC_0cb0c.dir/build.make CMakeFiles/cmTC_0cb0c.dir/build
gmake[1]: Entering directory '/var/www/html/portal/build/mysql-connector-odbc/build/CMakeFiles/CMakeTmp'
Building C object CMakeFiles/cmTC_0cb0c.dir/CheckFunctionExists.c.o
/usr/bin/cc   -DCHECK_FUNCTION_EXISTS=initgroups -o CMakeFiles/cmTC_0cb0c.dir/CheckFunctionExists.c.o -c /usr/share/cmake-3.22/Modules/CheckFunctionExists.c
Linking C executable cmTC_0cb0c
/usr/bin/cmake -E cmake_link_script CMakeFiles/cmTC_0cb0c.dir/link.txt --verbose=1
/usr/bin/cc  -DCHECK_FUNCTION_EXISTS=initgroups -rdynamic CMakeFiles/cmTC_0cb0c.dir/CheckFunctionExists.c.o -o cmTC_0cb0c  -lm -lcrypt -latomic 
gmake[1]: Leaving directory '/var/www/html/portal/build/mysql-connector-odbc/build/CMakeFiles/CMakeTmp'



Determining if the function getuid exists passed with the following output:
Change Dir: /var/www/html/portal/build/mysql-connector-odbc/build/CMakeFiles/CMakeTmp

Run Build Command(s):/usr/bin/gmake -f Makefile cmTC_c969e/fast && /usr/bin/gmake  -f CMakeFiles/cmTC_c969e.dir/build.make CMakeFiles/cmTC_c969e.dir/build
gmake[1]: Entering directory '/var/www/html/portal/build/mysql-connector-odbc/build/CMakeFiles/CMakeTmp'
Building C object CMakeFiles/cmTC_c969e.dir/CheckFunctionExists.c.o
/usr/bin/cc   -DCHECK_FUNCTION_EXISTS=getuid -o CMakeFiles/cmTC_c969e.dir/CheckFunctionExists.c.o -c /usr/share/cmake-3.22/Modules/CheckFunctionExists.c
Linking C executable cmTC_c969e
/usr/bin/cmake -E cmake_link_script CMakeFiles/cmTC_c969e.dir/link.txt --verbose=1
/usr/bin/cc  -DCHECK_FUNCTION_EXISTS=getuid -rdynamic CMakeFiles/cmTC_c969e.dir/CheckFunctionExists.c.o -o cmTC_c969e  -lm -lcrypt -latomic 
gmake[1]: Leaving directory '/var/www/html/portal/build/mysql-connector-odbc/build/CMakeFiles/CMakeTmp'



Determining if the function geteuid exists passed with the following output:
Change Dir: /var/www/html/portal/build/mysql-connector-odbc/build/CMakeFiles/CMakeTmp

Run Build Command(s):/usr/bin/gmake -f Makefile cmTC_49484/fast && /usr/bin/gmake  -f CMakeFiles/cmTC_49484.dir/build.make CMakeFiles/cmTC_49484.dir/build
gmake[1]: Entering directory '/var/www/html/portal/build/mysql-connector-odbc/build/CMakeFiles/CMakeTmp'
Building C object CMakeFiles/cmTC_49484.dir/CheckFunctionExists.c.o
/usr/bin/cc   -DCHECK_FUNCTION_EXISTS=geteuid -o CMakeFiles/cmTC_49484.dir/CheckFunctionExists.c.o -c /usr/share/cmake-3.22/Modules/CheckFunctionExists.c
Linking C executable cmTC_49484
/usr/bin/cmake -E cmake_link_script CMakeFiles/cmTC_49484.dir/link.txt --verbose=1
/usr/bin/cc  -DCHECK_FUNCTION_EXISTS=geteuid -rdynamic CMakeFiles/cmTC_49484.dir/CheckFunctionExists.c.o -o cmTC_49484  -lm -lcrypt -latomic 
gmake[1]: Leaving directory '/var/www/html/portal/build/mysql-connector-odbc/build/CMakeFiles/CMakeTmp'



Determining if the function getgid exists passed with the following output:
Change Dir: /var/www/html/portal/build/mysql-connector-odbc/build/CMakeFiles/CMakeTmp

Run Build Command(s):/usr/bin/gmake -f Makefile cmTC_57eab/fast && /usr/bin/gmake  -f CMakeFiles/cmTC_57eab.dir/build.make CMakeFiles/cmTC_57eab.dir/build
gmake[1]: Entering directory '/var/www/html/portal/build/mysql-connector-odbc/build/CMakeFiles/CMakeTmp'
Building C object CMakeFiles/cmTC_57eab.dir/CheckFunctionExists.c.o
/usr/bin/cc   -DCHECK_FUNCTION_EXISTS=getgid -o CMakeFiles/cmTC_57eab.dir/CheckFunctionExists.c.o -c /usr/share/cmake-3.22/Modules/CheckFunctionExists.c
Linking C executable cmTC_57eab
/usr/bin/cmake -E cmake_link_script CMakeFiles/cmTC_57eab.dir/link.txt --verbose=1
/usr/bin/cc  -DCHECK_FUNCTION_EXISTS=getgid -rdynamic CMakeFiles/cmTC_57eab.dir/CheckFunctionExists.c.o -o cmTC_57eab  -lm -lcrypt -latomic 
gmake[1]: Leaving directory '/var/www/html/portal/build/mysql-connector-odbc/build/CMakeFiles/CMakeTmp'



Determining if the function getegid exists passed with the following output:
Change Dir: /var/www/html/portal/build/mysql-connector-odbc/build/CMakeFiles/CMakeTmp

Run Build Command(s):/usr/bin/gmake -f Makefile cmTC_8cf68/fast && /usr/bin/gmake  -f CMakeFiles/cmTC_8cf68.dir/build.make CMakeFiles/cmTC_8cf68.dir/build
gmake[1]: Entering directory '/var/www/html/portal/build/mysql-connector-odbc/build/CMakeFiles/CMakeTmp'
Building C object CMakeFiles/cmTC_8cf68.dir/CheckFunctionExists.c.o
/usr/bin/cc   -DCHECK_FUNCTION_EXISTS=getegid -o CMakeFiles/cmTC_8cf68.dir/CheckFunctionExists.c.o -c /usr/share/cmake-3.22/Modules/CheckFunctionExists.c
Linking C executable cmTC_8cf68
/usr/bin/cmake -E cmake_link_script CMakeFiles/cmTC_8cf68.dir/link.txt --verbose=1
/usr/bin/cc  -DCHECK_FUNCTION_EXISTS=getegid -rdynamic CMakeFiles/cmTC_8cf68.dir/CheckFunctionExists.c.o -o cmTC_8cf68  -lm -lcrypt -latomic 
gmake[1]: Leaving directory '/var/www/html/portal/build/mysql-connector-odbc/build/CMakeFiles/CMakeTmp'



Determining if the function madvise exists passed with the following output:
Change Dir: /var/www/html/portal/build/mysql-connector-odbc/build/CMakeFiles/CMakeTmp

Run Build Command(s):/usr/bin/gmake -f Makefile cmTC_c76ad/fast && /usr/bin/gmake  -f CMakeFiles/cmTC_c76ad.dir/build.make CMakeFiles/cmTC_c76ad.dir/build
gmake[1]: Entering directory '/var/www/html/portal/build/mysql-connector-odbc/build/CMakeFiles/CMakeTmp'
Building C object CMakeFiles/cmTC_c76ad.dir/CheckFunctionExists.c.o
/usr/bin/cc   -DCHECK_FUNCTION_EXISTS=madvise -o CMakeFiles/cmTC_c76ad.dir/CheckFunctionExists.c.o -c /usr/share/cmake-3.22/Modules/CheckFunctionExists.c
Linking C executable cmTC_c76ad
/usr/bin/cmake -E cmake_link_script CMakeFiles/cmTC_c76ad.dir/link.txt --verbose=1
/usr/bin/cc  -DCHECK_FUNCTION_EXISTS=madvise -rdynamic CMakeFiles/cmTC_c76ad.dir/CheckFunctionExists.c.o -o cmTC_c76ad  -lm -lcrypt -latomic 
gmake[1]: Leaving directory '/var/www/html/portal/build/mysql-connector-odbc/build/CMakeFiles/CMakeTmp'



Determining if the function malloc_info exists passed with the following output:
Change Dir: /var/www/html/portal/build/mysql-connector-odbc/build/CMakeFiles/CMakeTmp

Run Build Command(s):/usr/bin/gmake -f Makefile cmTC_8a98a/fast && /usr/bin/gmake  -f CMakeFiles/cmTC_8a98a.dir/build.make CMakeFiles/cmTC_8a98a.dir/build
gmake[1]: Entering directory '/var/www/html/portal/build/mysql-connector-odbc/build/CMakeFiles/CMakeTmp'
Building C object CMakeFiles/cmTC_8a98a.dir/CheckFunctionExists.c.o
/usr/bin/cc   -DCHECK_FUNCTION_EXISTS=malloc_info -o CMakeFiles/cmTC_8a98a.dir/CheckFunctionExists.c.o -c /usr/share/cmake-3.22/Modules/CheckFunctionExists.c
Linking C executable cmTC_8a98a
/usr/bin/cmake -E cmake_link_script CMakeFiles/cmTC_8a98a.dir/link.txt --verbose=1
/usr/bin/cc  -DCHECK_FUNCTION_EXISTS=malloc_info -rdynamic CMakeFiles/cmTC_8a98a.dir/CheckFunctionExists.c.o -o cmTC_8a98a  -lm -lcrypt -latomic 
gmake[1]: Leaving directory '/var/www/html/portal/build/mysql-connector-odbc/build/CMakeFiles/CMakeTmp'



Determining if the function memrchr exists passed with the following output:
Change Dir: /var/www/html/portal/build/mysql-connector-odbc/build/CMakeFiles/CMakeTmp

Run Build Command(s):/usr/bin/gmake -f Makefile cmTC_8a21f/fast && /usr/bin/gmake  -f CMakeFiles/cmTC_8a21f.dir/build.make CMakeFiles/cmTC_8a21f.dir/build
gmake[1]: Entering directory '/var/www/html/portal/build/mysql-connector-odbc/build/CMakeFiles/CMakeTmp'
Building C object CMakeFiles/cmTC_8a21f.dir/CheckFunctionExists.c.o
/usr/bin/cc   -DCHECK_FUNCTION_EXISTS=memrchr -o CMakeFiles/cmTC_8a21f.dir/CheckFunctionExists.c.o -c /usr/share/cmake-3.22/Modules/CheckFunctionExists.c
Linking C executable cmTC_8a21f
/usr/bin/cmake -E cmake_link_script CMakeFiles/cmTC_8a21f.dir/link.txt --verbose=1
/usr/bin/cc  -DCHECK_FUNCTION_EXISTS=memrchr -rdynamic CMakeFiles/cmTC_8a21f.dir/CheckFunctionExists.c.o -o cmTC_8a21f  -lm -lcrypt -latomic 
gmake[1]: Leaving directory '/var/www/html/portal/build/mysql-connector-odbc/build/CMakeFiles/CMakeTmp'



Determining if the function mlock exists passed with the following output:
Change Dir: /var/www/html/portal/build/mysql-connector-odbc/build/CMakeFiles/CMakeTmp

Run Build Command(s):/usr/bin/gmake -f Makefile cmTC_5bb27/fast && /usr/bin/gmake  -f CMakeFiles/cmTC_5bb27.dir/build.make CMakeFiles/cmTC_5bb27.dir/build
gmake[1]: Entering directory '/var/www/html/portal/build/mysql-connector-odbc/build/CMakeFiles/CMakeTmp'
Building C object CMakeFiles/cmTC_5bb27.dir/CheckFunctionExists.c.o
/usr/bin/cc   -DCHECK_FUNCTION_EXISTS=mlock -o CMakeFiles/cmTC_5bb27.dir/CheckFunctionExists.c.o -c /usr/share/cmake-3.22/Modules/CheckFunctionExists.c
Linking C executable cmTC_5bb27
/usr/bin/cmake -E cmake_link_script CMakeFiles/cmTC_5bb27.dir/link.txt --verbose=1
/usr/bin/cc  -DCHECK_FUNCTION_EXISTS=mlock -rdynamic CMakeFiles/cmTC_5bb27.dir/CheckFunctionExists.c.o -o cmTC_5bb27  -lm -lcrypt -latomic 
gmake[1]: Leaving directory '/var/www/html/portal/build/mysql-connector-odbc/build/CMakeFiles/CMakeTmp'



Determining if the function mlockall exists passed with the following output:
Change Dir: /var/www/html/portal/build/mysql-connector-odbc/build/CMakeFiles/CMakeTmp

Run Build Command(s):/usr/bin/gmake -f Makefile cmTC_f3fce/fast && /usr/bin/gmake  -f CMakeFiles/cmTC_f3fce.dir/build.make CMakeFiles/cmTC_f3fce.dir/build
gmake[1]: Entering directory '/var/www/html/portal/build/mysql-connector-odbc/build/CMakeFiles/CMakeTmp'
Building C object CMakeFiles/cmTC_f3fce.dir/CheckFunctionExists.c.o
/usr/bin/cc   -DCHECK_FUNCTION_EXISTS=mlockall -o CMakeFiles/cmTC_f3fce.dir/CheckFunctionExists.c.o -c /usr/share/cmake-3.22/Modules/CheckFunctionExists.c
Linking C executable cmTC_f3fce
/usr/bin/cmake -E cmake_link_script CMakeFiles/cmTC_f3fce.dir/link.txt --verbose=1
/usr/bin/cc  -DCHECK_FUNCTION_EXISTS=mlockall -rdynamic CMakeFiles/cmTC_f3fce.dir/CheckFunctionExists.c.o -o cmTC_f3fce  -lm -lcrypt -latomic 
gmake[1]: Leaving directory '/var/www/html/portal/build/mysql-connector-odbc/build/CMakeFiles/CMakeTmp'



Determining if the function mmap64 exists passed with the following output:
Change Dir: /var/www/html/portal/build/mysql-connector-odbc/build/CMakeFiles/CMakeTmp

Run Build Command(s):/usr/bin/gmake -f Makefile cmTC_b1094/fast && /usr/bin/gmake  -f CMakeFiles/cmTC_b1094.dir/build.make CMakeFiles/cmTC_b1094.dir/build
gmake[1]: Entering directory '/var/www/html/portal/build/mysql-connector-odbc/build/CMakeFiles/CMakeTmp'
Building C object CMakeFiles/cmTC_b1094.dir/CheckFunctionExists.c.o
/usr/bin/cc   -DCHECK_FUNCTION_EXISTS=mmap64 -o CMakeFiles/cmTC_b1094.dir/CheckFunctionExists.c.o -c /usr/share/cmake-3.22/Modules/CheckFunctionExists.c
Linking C executable cmTC_b1094
/usr/bin/cmake -E cmake_link_script CMakeFiles/cmTC_b1094.dir/link.txt --verbose=1
/usr/bin/cc  -DCHECK_FUNCTION_EXISTS=mmap64 -rdynamic CMakeFiles/cmTC_b1094.dir/CheckFunctionExists.c.o -o cmTC_b1094  -lm -lcrypt -latomic 
gmake[1]: Leaving directory '/var/www/html/portal/build/mysql-connector-odbc/build/CMakeFiles/CMakeTmp'



Determining if the function poll exists passed with the following output:
Change Dir: /var/www/html/portal/build/mysql-connector-odbc/build/CMakeFiles/CMakeTmp

Run Build Command(s):/usr/bin/gmake -f Makefile cmTC_2e1d7/fast && /usr/bin/gmake  -f CMakeFiles/cmTC_2e1d7.dir/build.make CMakeFiles/cmTC_2e1d7.dir/build
gmake[1]: Entering directory '/var/www/html/portal/build/mysql-connector-odbc/build/CMakeFiles/CMakeTmp'
Building C object CMakeFiles/cmTC_2e1d7.dir/CheckFunctionExists.c.o
/usr/bin/cc   -DCHECK_FUNCTION_EXISTS=poll -o CMakeFiles/cmTC_2e1d7.dir/CheckFunctionExists.c.o -c /usr/share/cmake-3.22/Modules/CheckFunctionExists.c
Linking C executable cmTC_2e1d7
/usr/bin/cmake -E cmake_link_script CMakeFiles/cmTC_2e1d7.dir/link.txt --verbose=1
/usr/bin/cc  -DCHECK_FUNCTION_EXISTS=poll -rdynamic CMakeFiles/cmTC_2e1d7.dir/CheckFunctionExists.c.o -o cmTC_2e1d7  -lm -lcrypt -latomic 
gmake[1]: Leaving directory '/var/www/html/portal/build/mysql-connector-odbc/build/CMakeFiles/CMakeTmp'



Determining if the function posix_fallocate exists passed with the following output:
Change Dir: /var/www/html/portal/build/mysql-connector-odbc/build/CMakeFiles/CMakeTmp

Run Build Command(s):/usr/bin/gmake -f Makefile cmTC_2b50b/fast && /usr/bin/gmake  -f CMakeFiles/cmTC_2b50b.dir/build.make CMakeFiles/cmTC_2b50b.dir/build
gmake[1]: Entering directory '/var/www/html/portal/build/mysql-connector-odbc/build/CMakeFiles/CMakeTmp'
Building C object CMakeFiles/cmTC_2b50b.dir/CheckFunctionExists.c.o
/usr/bin/cc   -DCHECK_FUNCTION_EXISTS=posix_fallocate -o CMakeFiles/cmTC_2b50b.dir/CheckFunctionExists.c.o -c /usr/share/cmake-3.22/Modules/CheckFunctionExists.c
Linking C executable cmTC_2b50b
/usr/bin/cmake -E cmake_link_script CMakeFiles/cmTC_2b50b.dir/link.txt --verbose=1
/usr/bin/cc  -DCHECK_FUNCTION_EXISTS=posix_fallocate -rdynamic CMakeFiles/cmTC_2b50b.dir/CheckFunctionExists.c.o -o cmTC_2b50b  -lm -lcrypt -latomic 
gmake[1]: Leaving directory '/var/www/html/portal/build/mysql-connector-odbc/build/CMakeFiles/CMakeTmp'



Determining if the function posix_memalign exists passed with the following output:
Change Dir: /var/www/html/portal/build/mysql-connector-odbc/build/CMakeFiles/CMakeTmp

Run Build Command(s):/usr/bin/gmake -f Makefile cmTC_79570/fast && /usr/bin/gmake  -f CMakeFiles/cmTC_79570.dir/build.make CMakeFiles/cmTC_79570.dir/build
gmake[1]: Entering directory '/var/www/html/portal/build/mysql-connector-odbc/build/CMakeFiles/CMakeTmp'
Building C object CMakeFiles/cmTC_79570.dir/CheckFunctionExists.c.o
/usr/bin/cc   -DCHECK_FUNCTION_EXISTS=posix_memalign -o CMakeFiles/cmTC_79570.dir/CheckFunctionExists.c.o -c /usr/share/cmake-3.22/Modules/CheckFunctionExists.c
<command-line>: warning: conflicting types for built-in function ‘posix_memalign’; expected ‘int(void **, long unsigned int,  long unsigned int)’ [-Wbuiltin-declaration-mismatch]
<command-line>: note: in definition of macro ‘CHECK_FUNCTION_EXISTS’
Linking C executable cmTC_79570
/usr/bin/cmake -E cmake_link_script CMakeFiles/cmTC_79570.dir/link.txt --verbose=1
/usr/bin/cc  -DCHECK_FUNCTION_EXISTS=posix_memalign -rdynamic CMakeFiles/cmTC_79570.dir/CheckFunctionExists.c.o -o cmTC_79570  -lm -lcrypt -latomic 
gmake[1]: Leaving directory '/var/www/html/portal/build/mysql-connector-odbc/build/CMakeFiles/CMakeTmp'



Determining if the function pread exists passed with the following output:
Change Dir: /var/www/html/portal/build/mysql-connector-odbc/build/CMakeFiles/CMakeTmp

Run Build Command(s):/usr/bin/gmake -f Makefile cmTC_a2f16/fast && /usr/bin/gmake  -f CMakeFiles/cmTC_a2f16.dir/build.make CMakeFiles/cmTC_a2f16.dir/build
gmake[1]: Entering directory '/var/www/html/portal/build/mysql-connector-odbc/build/CMakeFiles/CMakeTmp'
Building C object CMakeFiles/cmTC_a2f16.dir/CheckFunctionExists.c.o
/usr/bin/cc   -DCHECK_FUNCTION_EXISTS=pread -o CMakeFiles/cmTC_a2f16.dir/CheckFunctionExists.c.o -c /usr/share/cmake-3.22/Modules/CheckFunctionExists.c
Linking C executable cmTC_a2f16
/usr/bin/cmake -E cmake_link_script CMakeFiles/cmTC_a2f16.dir/link.txt --verbose=1
/usr/bin/cc  -DCHECK_FUNCTION_EXISTS=pread -rdynamic CMakeFiles/cmTC_a2f16.dir/CheckFunctionExists.c.o -o cmTC_a2f16  -lm -lcrypt -latomic 
gmake[1]: Leaving directory '/var/www/html/portal/build/mysql-connector-odbc/build/CMakeFiles/CMakeTmp'



Determining if the function pthread_condattr_setclock exists passed with the following output:
Change Dir: /var/www/html/portal/build/mysql-connector-odbc/build/CMakeFiles/CMakeTmp

Run Build Command(s):/usr/bin/gmake -f Makefile cmTC_4a481/fast && /usr/bin/gmake  -f CMakeFiles/cmTC_4a481.dir/build.make CMakeFiles/cmTC_4a481.dir/build
gmake[1]: Entering directory '/var/www/html/portal/build/mysql-connector-odbc/build/CMakeFiles/CMakeTmp'
Building C object CMakeFiles/cmTC_4a481.dir/CheckFunctionExists.c.o
/usr/bin/cc   -DCHECK_FUNCTION_EXISTS=pthread_condattr_setclock -o CMakeFiles/cmTC_4a481.dir/CheckFunctionExists.c.o -c /usr/share/cmake-3.22/Modules/CheckFunctionExists.c
Linking C executable cmTC_4a481
/usr/bin/cmake -E cmake_link_script CMakeFiles/cmTC_4a481.dir/link.txt --verbose=1
/usr/bin/cc  -DCHECK_FUNCTION_EXISTS=pthread_condattr_setclock -rdynamic CMakeFiles/cmTC_4a481.dir/CheckFunctionExists.c.o -o cmTC_4a481  -lm -lcrypt -latomic 
gmake[1]: Leaving directory '/var/www/html/portal/build/mysql-connector-odbc/build/CMakeFiles/CMakeTmp'



Determining if the function pthread_sigmask exists passed with the following output:
Change Dir: /var/www/html/portal/build/mysql-connector-odbc/build/CMakeFiles/CMakeTmp

Run Build Command(s):/usr/bin/gmake -f Makefile cmTC_a85ba/fast && /usr/bin/gmake  -f CMakeFiles/cmTC_a85ba.dir/build.make CMakeFiles/cmTC_a85ba.dir/build
gmake[1]: Entering directory '/var/www/html/portal/build/mysql-connector-odbc/build/CMakeFiles/CMakeTmp'
Building C object CMakeFiles/cmTC_a85ba.dir/CheckFunctionExists.c.o
/usr/bin/cc   -DCHECK_FUNCTION_EXISTS=pthread_sigmask -o CMakeFiles/cmTC_a85ba.dir/CheckFunctionExists.c.o -c /usr/share/cmake-3.22/Modules/CheckFunctionExists.c
Linking C executable cmTC_a85ba
/usr/bin/cmake -E cmake_link_script CMakeFiles/cmTC_a85ba.dir/link.txt --verbose=1
/usr/bin/cc  -DCHECK_FUNCTION_EXISTS=pthread_sigmask -rdynamic CMakeFiles/cmTC_a85ba.dir/CheckFunctionExists.c.o -o cmTC_a85ba  -lm -lcrypt -latomic 
gmake[1]: Leaving directory '/var/www/html/portal/build/mysql-connector-odbc/build/CMakeFiles/CMakeTmp'



Determining if the function sigaction exists passed with the following output:
Change Dir: /var/www/html/portal/build/mysql-connector-odbc/build/CMakeFiles/CMakeTmp

Run Build Command(s):/usr/bin/gmake -f Makefile cmTC_a8acd/fast && /usr/bin/gmake  -f CMakeFiles/cmTC_a8acd.dir/build.make CMakeFiles/cmTC_a8acd.dir/build
gmake[1]: Entering directory '/var/www/html/portal/build/mysql-connector-odbc/build/CMakeFiles/CMakeTmp'
Building C object CMakeFiles/cmTC_a8acd.dir/CheckFunctionExists.c.o
/usr/bin/cc   -DCHECK_FUNCTION_EXISTS=sigaction -o CMakeFiles/cmTC_a8acd.dir/CheckFunctionExists.c.o -c /usr/share/cmake-3.22/Modules/CheckFunctionExists.c
Linking C executable cmTC_a8acd
/usr/bin/cmake -E cmake_link_script CMakeFiles/cmTC_a8acd.dir/link.txt --verbose=1
/usr/bin/cc  -DCHECK_FUNCTION_EXISTS=sigaction -rdynamic CMakeFiles/cmTC_a8acd.dir/CheckFunctionExists.c.o -o cmTC_a8acd  -lm -lcrypt -latomic 
gmake[1]: Leaving directory '/var/www/html/portal/build/mysql-connector-odbc/build/CMakeFiles/CMakeTmp'



Determining if the function sleep exists passed with the following output:
Change Dir: /var/www/html/portal/build/mysql-connector-odbc/build/CMakeFiles/CMakeTmp

Run Build Command(s):/usr/bin/gmake -f Makefile cmTC_810ab/fast && /usr/bin/gmake  -f CMakeFiles/cmTC_810ab.dir/build.make CMakeFiles/cmTC_810ab.dir/build
gmake[1]: Entering directory '/var/www/html/portal/build/mysql-connector-odbc/build/CMakeFiles/CMakeTmp'
Building C object CMakeFiles/cmTC_810ab.dir/CheckFunctionExists.c.o
/usr/bin/cc   -DCHECK_FUNCTION_EXISTS=sleep -o CMakeFiles/cmTC_810ab.dir/CheckFunctionExists.c.o -c /usr/share/cmake-3.22/Modules/CheckFunctionExists.c
Linking C executable cmTC_810ab
/usr/bin/cmake -E cmake_link_script CMakeFiles/cmTC_810ab.dir/link.txt --verbose=1
/usr/bin/cc  -DCHECK_FUNCTION_EXISTS=sleep -rdynamic CMakeFiles/cmTC_810ab.dir/CheckFunctionExists.c.o -o cmTC_810ab  -lm -lcrypt -latomic 
gmake[1]: Leaving directory '/var/www/html/portal/build/mysql-connector-odbc/build/CMakeFiles/CMakeTmp'



Determining if the function stpcpy exists passed with the following output:
Change Dir: /var/www/html/portal/build/mysql-connector-odbc/build/CMakeFiles/CMakeTmp

Run Build Command(s):/usr/bin/gmake -f Makefile cmTC_a1147/fast && /usr/bin/gmake  -f CMakeFiles/cmTC_a1147.dir/build.make CMakeFiles/cmTC_a1147.dir/build
gmake[1]: Entering directory '/var/www/html/portal/build/mysql-connector-odbc/build/CMakeFiles/CMakeTmp'
Building C object CMakeFiles/cmTC_a1147.dir/CheckFunctionExists.c.o
/usr/bin/cc   -DCHECK_FUNCTION_EXISTS=stpcpy -o CMakeFiles/cmTC_a1147.dir/CheckFunctionExists.c.o -c /usr/share/cmake-3.22/Modules/CheckFunctionExists.c
<command-line>: warning: conflicting types for built-in function ‘stpcpy’; expected ‘char *(char *, const char *)’ [-Wbuiltin-declaration-mismatch]
/usr/share/cmake-3.22/Modules/CheckFunctionExists.c:7:3: note: in expansion of macro ‘CHECK_FUNCTION_EXISTS’
    7 |   CHECK_FUNCTION_EXISTS(void);
      |   ^~~~~~~~~~~~~~~~~~~~~
Linking C executable cmTC_a1147
/usr/bin/cmake -E cmake_link_script CMakeFiles/cmTC_a1147.dir/link.txt --verbose=1
/usr/bin/cc  -DCHECK_FUNCTION_EXISTS=stpcpy -rdynamic CMakeFiles/cmTC_a1147.dir/CheckFunctionExists.c.o -o cmTC_a1147  -lm -lcrypt -latomic 
gmake[1]: Leaving directory '/var/www/html/portal/build/mysql-connector-odbc/build/CMakeFiles/CMakeTmp'



Determining if the function stpncpy exists passed with the following output:
Change Dir: /var/www/html/portal/build/mysql-connector-odbc/build/CMakeFiles/CMakeTmp

Run Build Command(s):/usr/bin/gmake -f Makefile cmTC_233a1/fast && /usr/bin/gmake  -f CMakeFiles/cmTC_233a1.dir/build.make CMakeFiles/cmTC_233a1.dir/build
gmake[1]: Entering directory '/var/www/html/portal/build/mysql-connector-odbc/build/CMakeFiles/CMakeTmp'
Building C object CMakeFiles/cmTC_233a1.dir/CheckFunctionExists.c.o
/usr/bin/cc   -DCHECK_FUNCTION_EXISTS=stpncpy -o CMakeFiles/cmTC_233a1.dir/CheckFunctionExists.c.o -c /usr/share/cmake-3.22/Modules/CheckFunctionExists.c
<command-line>: warning: conflicting types for built-in function ‘stpncpy’; expected ‘char *(char *, const char *, long unsigned int)’ [-Wbuiltin-declaration-mismatch]
/usr/share/cmake-3.22/Modules/CheckFunctionExists.c:7:3: note: in expansion of macro ‘CHECK_FUNCTION_EXISTS’
    7 |   CHECK_FUNCTION_EXISTS(void);
      |   ^~~~~~~~~~~~~~~~~~~~~
Linking C executable cmTC_233a1
/usr/bin/cmake -E cmake_link_script CMakeFiles/cmTC_233a1.dir/link.txt --verbose=1
/usr/bin/cc  -DCHECK_FUNCTION_EXISTS=stpncpy -rdynamic CMakeFiles/cmTC_233a1.dir/CheckFunctionExists.c.o -o cmTC_233a1  -lm -lcrypt -latomic 
gmake[1]: Leaving directory '/var/www/html/portal/build/mysql-connector-odbc/build/CMakeFiles/CMakeTmp'



Determining if the function strndup exists passed with the following output:
Change Dir: /var/www/html/portal/build/mysql-connector-odbc/build/CMakeFiles/CMakeTmp

Run Build Command(s):/usr/bin/gmake -f Makefile cmTC_7875e/fast && /usr/bin/gmake  -f CMakeFiles/cmTC_7875e.dir/build.make CMakeFiles/cmTC_7875e.dir/build
gmake[1]: Entering directory '/var/www/html/portal/build/mysql-connector-odbc/build/CMakeFiles/CMakeTmp'
Building C object CMakeFiles/cmTC_7875e.dir/CheckFunctionExists.c.o
/usr/bin/cc   -DCHECK_FUNCTION_EXISTS=strndup -o CMakeFiles/cmTC_7875e.dir/CheckFunctionExists.c.o -c /usr/share/cmake-3.22/Modules/CheckFunctionExists.c
<command-line>: warning: conflicting types for built-in function ‘strndup’; expected ‘char *(const char *, long unsigned int)’ [-Wbuiltin-declaration-mismatch]
/usr/share/cmake-3.22/Modules/CheckFunctionExists.c:7:3: note: in expansion of macro ‘CHECK_FUNCTION_EXISTS’
    7 |   CHECK_FUNCTION_EXISTS(void);
      |   ^~~~~~~~~~~~~~~~~~~~~
Linking C executable cmTC_7875e
/usr/bin/cmake -E cmake_link_script CMakeFiles/cmTC_7875e.dir/link.txt --verbose=1
/usr/bin/cc  -DCHECK_FUNCTION_EXISTS=strndup -rdynamic CMakeFiles/cmTC_7875e.dir/CheckFunctionExists.c.o -o cmTC_7875e  -lm -lcrypt -latomic 
gmake[1]: Leaving directory '/var/www/html/portal/build/mysql-connector-odbc/build/CMakeFiles/CMakeTmp'



Determining if the function strsignal exists passed with the following output:
Change Dir: /var/www/html/portal/build/mysql-connector-odbc/build/CMakeFiles/CMakeTmp

Run Build Command(s):/usr/bin/gmake -f Makefile cmTC_cc5a6/fast && /usr/bin/gmake  -f CMakeFiles/cmTC_cc5a6.dir/build.make CMakeFiles/cmTC_cc5a6.dir/build
gmake[1]: Entering directory '/var/www/html/portal/build/mysql-connector-odbc/build/CMakeFiles/CMakeTmp'
Building C object CMakeFiles/cmTC_cc5a6.dir/CheckFunctionExists.c.o
/usr/bin/cc   -DCHECK_FUNCTION_EXISTS=strsignal -o CMakeFiles/cmTC_cc5a6.dir/CheckFunctionExists.c.o -c /usr/share/cmake-3.22/Modules/CheckFunctionExists.c
Linking C executable cmTC_cc5a6
/usr/bin/cmake -E cmake_link_script CMakeFiles/cmTC_cc5a6.dir/link.txt --verbose=1
/usr/bin/cc  -DCHECK_FUNCTION_EXISTS=strsignal -rdynamic CMakeFiles/cmTC_cc5a6.dir/CheckFunctionExists.c.o -o cmTC_cc5a6  -lm -lcrypt -latomic 
gmake[1]: Leaving directory '/var/www/html/portal/build/mysql-connector-odbc/build/CMakeFiles/CMakeTmp'



Determining if the function strsep exists passed with the following output:
Change Dir: /var/www/html/portal/build/mysql-connector-odbc/build/CMakeFiles/CMakeTmp

Run Build Command(s):/usr/bin/gmake -f Makefile cmTC_5c7c2/fast && /usr/bin/gmake  -f CMakeFiles/cmTC_5c7c2.dir/build.make CMakeFiles/cmTC_5c7c2.dir/build
gmake[1]: Entering directory '/var/www/html/portal/build/mysql-connector-odbc/build/CMakeFiles/CMakeTmp'
Building C object CMakeFiles/cmTC_5c7c2.dir/CheckFunctionExists.c.o
/usr/bin/cc   -DCHECK_FUNCTION_EXISTS=strsep -o CMakeFiles/cmTC_5c7c2.dir/CheckFunctionExists.c.o -c /usr/share/cmake-3.22/Modules/CheckFunctionExists.c
Linking C executable cmTC_5c7c2
/usr/bin/cmake -E cmake_link_script CMakeFiles/cmTC_5c7c2.dir/link.txt --verbose=1
/usr/bin/cc  -DCHECK_FUNCTION_EXISTS=strsep -rdynamic CMakeFiles/cmTC_5c7c2.dir/CheckFunctionExists.c.o -o cmTC_5c7c2  -lm -lcrypt -latomic 
gmake[1]: Leaving directory '/var/www/html/portal/build/mysql-connector-odbc/build/CMakeFiles/CMakeTmp'



Determining if the function vasprintf exists passed with the following output:
Change Dir: /var/www/html/portal/build/mysql-connector-odbc/build/CMakeFiles/CMakeTmp

Run Build Command(s):/usr/bin/gmake -f Makefile cmTC_453cc/fast && /usr/bin/gmake  -f CMakeFiles/cmTC_453cc.dir/build.make CMakeFiles/cmTC_453cc.dir/build
gmake[1]: Entering directory '/var/www/html/portal/build/mysql-connector-odbc/build/CMakeFiles/CMakeTmp'
Building C object CMakeFiles/cmTC_453cc.dir/CheckFunctionExists.c.o
/usr/bin/cc   -DCHECK_FUNCTION_EXISTS=vasprintf -o CMakeFiles/cmTC_453cc.dir/CheckFunctionExists.c.o -c /usr/share/cmake-3.22/Modules/CheckFunctionExists.c
Linking C executable cmTC_453cc
/usr/bin/cmake -E cmake_link_script CMakeFiles/cmTC_453cc.dir/link.txt --verbose=1
/usr/bin/cc  -DCHECK_FUNCTION_EXISTS=vasprintf -rdynamic CMakeFiles/cmTC_453cc.dir/CheckFunctionExists.c.o -o cmTC_453cc  -lm -lcrypt -latomic 
gmake[1]: Leaving directory '/var/www/html/portal/build/mysql-connector-odbc/build/CMakeFiles/CMakeTmp'



Determining if the function memalign exists passed with the following output:
Change Dir: /var/www/html/portal/build/mysql-connector-odbc/build/CMakeFiles/CMakeTmp

Run Build Command(s):/usr/bin/gmake -f Makefile cmTC_ba676/fast && /usr/bin/gmake  -f CMakeFiles/cmTC_ba676.dir/build.make CMakeFiles/cmTC_ba676.dir/build
gmake[1]: Entering directory '/var/www/html/portal/build/mysql-connector-odbc/build/CMakeFiles/CMakeTmp'
Building C object CMakeFiles/cmTC_ba676.dir/CheckFunctionExists.c.o
/usr/bin/cc   -DCHECK_FUNCTION_EXISTS=memalign -o CMakeFiles/cmTC_ba676.dir/CheckFunctionExists.c.o -c /usr/share/cmake-3.22/Modules/CheckFunctionExists.c
Linking C executable cmTC_ba676
/usr/bin/cmake -E cmake_link_script CMakeFiles/cmTC_ba676.dir/link.txt --verbose=1
/usr/bin/cc  -DCHECK_FUNCTION_EXISTS=memalign -rdynamic CMakeFiles/cmTC_ba676.dir/CheckFunctionExists.c.o -o cmTC_ba676  -lm -lcrypt -latomic 
gmake[1]: Leaving directory '/var/www/html/portal/build/mysql-connector-odbc/build/CMakeFiles/CMakeTmp'



Determining if the function nl_langinfo exists passed with the following output:
Change Dir: /var/www/html/portal/build/mysql-connector-odbc/build/CMakeFiles/CMakeTmp

Run Build Command(s):/usr/bin/gmake -f Makefile cmTC_e5bd5/fast && /usr/bin/gmake  -f CMakeFiles/cmTC_e5bd5.dir/build.make CMakeFiles/cmTC_e5bd5.dir/build
gmake[1]: Entering directory '/var/www/html/portal/build/mysql-connector-odbc/build/CMakeFiles/CMakeTmp'
Building C object CMakeFiles/cmTC_e5bd5.dir/CheckFunctionExists.c.o
/usr/bin/cc   -DCHECK_FUNCTION_EXISTS=nl_langinfo -o CMakeFiles/cmTC_e5bd5.dir/CheckFunctionExists.c.o -c /usr/share/cmake-3.22/Modules/CheckFunctionExists.c
Linking C executable cmTC_e5bd5
/usr/bin/cmake -E cmake_link_script CMakeFiles/cmTC_e5bd5.dir/link.txt --verbose=1
/usr/bin/cc  -DCHECK_FUNCTION_EXISTS=nl_langinfo -rdynamic CMakeFiles/cmTC_e5bd5.dir/CheckFunctionExists.c.o -o cmTC_e5bd5  -lm -lcrypt -latomic 
gmake[1]: Leaving directory '/var/www/html/portal/build/mysql-connector-odbc/build/CMakeFiles/CMakeTmp'



Determining if the function epoll_create exists passed with the following output:
Change Dir: /var/www/html/portal/build/mysql-connector-odbc/build/CMakeFiles/CMakeTmp

Run Build Command(s):/usr/bin/gmake -f Makefile cmTC_c58d2/fast && /usr/bin/gmake  -f CMakeFiles/cmTC_c58d2.dir/build.make CMakeFiles/cmTC_c58d2.dir/build
gmake[1]: Entering directory '/var/www/html/portal/build/mysql-connector-odbc/build/CMakeFiles/CMakeTmp'
Building C object CMakeFiles/cmTC_c58d2.dir/CheckFunctionExists.c.o
/usr/bin/cc   -DCHECK_FUNCTION_EXISTS=epoll_create -o CMakeFiles/cmTC_c58d2.dir/CheckFunctionExists.c.o -c /usr/share/cmake-3.22/Modules/CheckFunctionExists.c
Linking C executable cmTC_c58d2
/usr/bin/cmake -E cmake_link_script CMakeFiles/cmTC_c58d2.dir/link.txt --verbose=1
/usr/bin/cc  -DCHECK_FUNCTION_EXISTS=epoll_create -rdynamic CMakeFiles/cmTC_c58d2.dir/CheckFunctionExists.c.o -o cmTC_c58d2  -lm -lcrypt -latomic 
gmake[1]: Leaving directory '/var/www/html/portal/build/mysql-connector-odbc/build/CMakeFiles/CMakeTmp'



Determining if the function inet_ntop exists passed with the following output:
Change Dir: /var/www/html/portal/build/mysql-connector-odbc/build/CMakeFiles/CMakeTmp

Run Build Command(s):/usr/bin/gmake -f Makefile cmTC_78cce/fast && /usr/bin/gmake  -f CMakeFiles/cmTC_78cce.dir/build.make CMakeFiles/cmTC_78cce.dir/build
gmake[1]: Entering directory '/var/www/html/portal/build/mysql-connector-odbc/build/CMakeFiles/CMakeTmp'
Building C object CMakeFiles/cmTC_78cce.dir/CheckFunctionExists.c.o
/usr/bin/cc   -DCHECK_FUNCTION_EXISTS=inet_ntop -o CMakeFiles/cmTC_78cce.dir/CheckFunctionExists.c.o -c /usr/share/cmake-3.22/Modules/CheckFunctionExists.c
Linking C executable cmTC_78cce
/usr/bin/cmake -E cmake_link_script CMakeFiles/cmTC_78cce.dir/link.txt --verbose=1
/usr/bin/cc  -DCHECK_FUNCTION_EXISTS=inet_ntop -rdynamic CMakeFiles/cmTC_78cce.dir/CheckFunctionExists.c.o -o cmTC_78cce  -lm -lcrypt -latomic 
gmake[1]: Leaving directory '/var/www/html/portal/build/mysql-connector-odbc/build/CMakeFiles/CMakeTmp'



Determining if the timeradd exist passed with the following output:
Change Dir: /var/www/html/portal/build/mysql-connector-odbc/build/CMakeFiles/CMakeTmp

Run Build Command(s):/usr/bin/gmake -f Makefile cmTC_76486/fast && /usr/bin/gmake  -f CMakeFiles/cmTC_76486.dir/build.make CMakeFiles/cmTC_76486.dir/build
gmake[1]: Entering directory '/var/www/html/portal/build/mysql-connector-odbc/build/CMakeFiles/CMakeTmp'
Building C object CMakeFiles/cmTC_76486.dir/CheckSymbolExists.c.o
/usr/bin/cc    -o CMakeFiles/cmTC_76486.dir/CheckSymbolExists.c.o -c /var/www/html/portal/build/mysql-connector-odbc/build/CMakeFiles/CMakeTmp/CheckSymbolExists.c
Linking C executable cmTC_76486
/usr/bin/cmake -E cmake_link_script CMakeFiles/cmTC_76486.dir/link.txt --verbose=1
/usr/bin/cc -rdynamic CMakeFiles/cmTC_76486.dir/CheckSymbolExists.c.o -o cmTC_76486  -lm -lcrypt -latomic 
gmake[1]: Leaving directory '/var/www/html/portal/build/mysql-connector-odbc/build/CMakeFiles/CMakeTmp'


File /var/www/html/portal/build/mysql-connector-odbc/build/CMakeFiles/CMakeTmp/CheckSymbolExists.c:
/* */
#include <sys/time.h>

int main(int argc, char** argv)
{
  (void)argv;
#ifndef timeradd
  return ((int*)(&timeradd))[argc];
#else
  (void)argc;
  return 0;
#endif
}
Determining if the timerclear exist passed with the following output:
Change Dir: /var/www/html/portal/build/mysql-connector-odbc/build/CMakeFiles/CMakeTmp

Run Build Command(s):/usr/bin/gmake -f Makefile cmTC_204b7/fast && /usr/bin/gmake  -f CMakeFiles/cmTC_204b7.dir/build.make CMakeFiles/cmTC_204b7.dir/build
gmake[1]: Entering directory '/var/www/html/portal/build/mysql-connector-odbc/build/CMakeFiles/CMakeTmp'
Building C object CMakeFiles/cmTC_204b7.dir/CheckSymbolExists.c.o
/usr/bin/cc    -o CMakeFiles/cmTC_204b7.dir/CheckSymbolExists.c.o -c /var/www/html/portal/build/mysql-connector-odbc/build/CMakeFiles/CMakeTmp/CheckSymbolExists.c
Linking C executable cmTC_204b7
/usr/bin/cmake -E cmake_link_script CMakeFiles/cmTC_204b7.dir/link.txt --verbose=1
/usr/bin/cc -rdynamic CMakeFiles/cmTC_204b7.dir/CheckSymbolExists.c.o -o cmTC_204b7  -lm -lcrypt -latomic 
gmake[1]: Leaving directory '/var/www/html/portal/build/mysql-connector-odbc/build/CMakeFiles/CMakeTmp'


File /var/www/html/portal/build/mysql-connector-odbc/build/CMakeFiles/CMakeTmp/CheckSymbolExists.c:
/* */
#include <sys/time.h>

int main(int argc, char** argv)
{
  (void)argv;
#ifndef timerclear
  return ((int*)(&timerclear))[argc];
#else
  (void)argc;
  return 0;
#endif
}
Determining if the timercmp exist passed with the following output:
Change Dir: /var/www/html/portal/build/mysql-connector-odbc/build/CMakeFiles/CMakeTmp

Run Build Command(s):/usr/bin/gmake -f Makefile cmTC_c47fc/fast && /usr/bin/gmake  -f CMakeFiles/cmTC_c47fc.dir/build.make CMakeFiles/cmTC_c47fc.dir/build
gmake[1]: Entering directory '/var/www/html/portal/build/mysql-connector-odbc/build/CMakeFiles/CMakeTmp'
Building C object CMakeFiles/cmTC_c47fc.dir/CheckSymbolExists.c.o
/usr/bin/cc    -o CMakeFiles/cmTC_c47fc.dir/CheckSymbolExists.c.o -c /var/www/html/portal/build/mysql-connector-odbc/build/CMakeFiles/CMakeTmp/CheckSymbolExists.c
Linking C executable cmTC_c47fc
/usr/bin/cmake -E cmake_link_script CMakeFiles/cmTC_c47fc.dir/link.txt --verbose=1
/usr/bin/cc -rdynamic CMakeFiles/cmTC_c47fc.dir/CheckSymbolExists.c.o -o cmTC_c47fc  -lm -lcrypt -latomic 
gmake[1]: Leaving directory '/var/www/html/portal/build/mysql-connector-odbc/build/CMakeFiles/CMakeTmp'


File /var/www/html/portal/build/mysql-connector-odbc/build/CMakeFiles/CMakeTmp/CheckSymbolExists.c:
/* */
#include <sys/time.h>

int main(int argc, char** argv)
{
  (void)argv;
#ifndef timercmp
  return ((int*)(&timercmp))[argc];
#else
  (void)argc;
  return 0;
#endif
}
Determining if the timerisset exist passed with the following output:
Change Dir: /var/www/html/portal/build/mysql-connector-odbc/build/CMakeFiles/CMakeTmp

Run Build Command(s):/usr/bin/gmake -f Makefile cmTC_34cbc/fast && /usr/bin/gmake  -f CMakeFiles/cmTC_34cbc.dir/build.make CMakeFiles/cmTC_34cbc.dir/build
gmake[1]: Entering directory '/var/www/html/portal/build/mysql-connector-odbc/build/CMakeFiles/CMakeTmp'
Building C object CMakeFiles/cmTC_34cbc.dir/CheckSymbolExists.c.o
/usr/bin/cc    -o CMakeFiles/cmTC_34cbc.dir/CheckSymbolExists.c.o -c /var/www/html/portal/build/mysql-connector-odbc/build/CMakeFiles/CMakeTmp/CheckSymbolExists.c
Linking C executable cmTC_34cbc
/usr/bin/cmake -E cmake_link_script CMakeFiles/cmTC_34cbc.dir/link.txt --verbose=1
/usr/bin/cc -rdynamic CMakeFiles/cmTC_34cbc.dir/CheckSymbolExists.c.o -o cmTC_34cbc  -lm -lcrypt -latomic 
gmake[1]: Leaving directory '/var/www/html/portal/build/mysql-connector-odbc/build/CMakeFiles/CMakeTmp'


File /var/www/html/portal/build/mysql-connector-odbc/build/CMakeFiles/CMakeTmp/CheckSymbolExists.c:
/* */
#include <sys/time.h>

int main(int argc, char** argv)
{
  (void)argv;
#ifndef timerisset
  return ((int*)(&timerisset))[argc];
#else
  (void)argc;
  return 0;
#endif
}
Determining if files sys/time.h exist passed with the following output:
Change Dir: /var/www/html/portal/build/mysql-connector-odbc/build/CMakeFiles/CMakeTmp

Run Build Command(s):/usr/bin/gmake -f Makefile cmTC_d88cc/fast && /usr/bin/gmake  -f CMakeFiles/cmTC_d88cc.dir/build.make CMakeFiles/cmTC_d88cc.dir/build
gmake[1]: Entering directory '/var/www/html/portal/build/mysql-connector-odbc/build/CMakeFiles/CMakeTmp'
Building C object CMakeFiles/cmTC_d88cc.dir/HAVE_SYS_TIME_H.c.o
/usr/bin/cc    -o CMakeFiles/cmTC_d88cc.dir/HAVE_SYS_TIME_H.c.o -c /var/www/html/portal/build/mysql-connector-odbc/build/CMakeFiles/CheckIncludeFiles/HAVE_SYS_TIME_H.c
Linking C executable cmTC_d88cc
/usr/bin/cmake -E cmake_link_script CMakeFiles/cmTC_d88cc.dir/link.txt --verbose=1
/usr/bin/cc -rdynamic CMakeFiles/cmTC_d88cc.dir/HAVE_SYS_TIME_H.c.o -o cmTC_d88cc 
gmake[1]: Leaving directory '/var/www/html/portal/build/mysql-connector-odbc/build/CMakeFiles/CMakeTmp'



Determining if files sys/times.h exist passed with the following output:
Change Dir: /var/www/html/portal/build/mysql-connector-odbc/build/CMakeFiles/CMakeTmp

Run Build Command(s):/usr/bin/gmake -f Makefile cmTC_d6252/fast && /usr/bin/gmake  -f CMakeFiles/cmTC_d6252.dir/build.make CMakeFiles/cmTC_d6252.dir/build
gmake[1]: Entering directory '/var/www/html/portal/build/mysql-connector-odbc/build/CMakeFiles/CMakeTmp'
Building C object CMakeFiles/cmTC_d6252.dir/HAVE_SYS_TIMES_H.c.o
/usr/bin/cc    -o CMakeFiles/cmTC_d6252.dir/HAVE_SYS_TIMES_H.c.o -c /var/www/html/portal/build/mysql-connector-odbc/build/CMakeFiles/CheckIncludeFiles/HAVE_SYS_TIMES_H.c
Linking C executable cmTC_d6252
/usr/bin/cmake -E cmake_link_script CMakeFiles/cmTC_d6252.dir/link.txt --verbose=1
/usr/bin/cc -rdynamic CMakeFiles/cmTC_d6252.dir/HAVE_SYS_TIMES_H.c.o -o cmTC_d6252 
gmake[1]: Leaving directory '/var/www/html/portal/build/mysql-connector-odbc/build/CMakeFiles/CMakeTmp'



Determining if the function times exists passed with the following output:
Change Dir: /var/www/html/portal/build/mysql-connector-odbc/build/CMakeFiles/CMakeTmp

Run Build Command(s):/usr/bin/gmake -f Makefile cmTC_fc953/fast && /usr/bin/gmake  -f CMakeFiles/cmTC_fc953.dir/build.make CMakeFiles/cmTC_fc953.dir/build
gmake[1]: Entering directory '/var/www/html/portal/build/mysql-connector-odbc/build/CMakeFiles/CMakeTmp'
Building C object CMakeFiles/cmTC_fc953.dir/CheckFunctionExists.c.o
/usr/bin/cc   -DCHECK_FUNCTION_EXISTS=times -o CMakeFiles/cmTC_fc953.dir/CheckFunctionExists.c.o -c /usr/share/cmake-3.22/Modules/CheckFunctionExists.c
Linking C executable cmTC_fc953
/usr/bin/cmake -E cmake_link_script CMakeFiles/cmTC_fc953.dir/link.txt --verbose=1
/usr/bin/cc  -DCHECK_FUNCTION_EXISTS=times -rdynamic CMakeFiles/cmTC_fc953.dir/CheckFunctionExists.c.o -o cmTC_fc953  -lm -lcrypt -latomic 
gmake[1]: Leaving directory '/var/www/html/portal/build/mysql-connector-odbc/build/CMakeFiles/CMakeTmp'



Determining if the function gettimeofday exists passed with the following output:
Change Dir: /var/www/html/portal/build/mysql-connector-odbc/build/CMakeFiles/CMakeTmp

Run Build Command(s):/usr/bin/gmake -f Makefile cmTC_d472c/fast && /usr/bin/gmake  -f CMakeFiles/cmTC_d472c.dir/build.make CMakeFiles/cmTC_d472c.dir/build
gmake[1]: Entering directory '/var/www/html/portal/build/mysql-connector-odbc/build/CMakeFiles/CMakeTmp'
Building C object CMakeFiles/cmTC_d472c.dir/CheckFunctionExists.c.o
/usr/bin/cc   -DCHECK_FUNCTION_EXISTS=gettimeofday -o CMakeFiles/cmTC_d472c.dir/CheckFunctionExists.c.o -c /usr/share/cmake-3.22/Modules/CheckFunctionExists.c
Linking C executable cmTC_d472c
/usr/bin/cmake -E cmake_link_script CMakeFiles/cmTC_d472c.dir/link.txt --verbose=1
/usr/bin/cc  -DCHECK_FUNCTION_EXISTS=gettimeofday -rdynamic CMakeFiles/cmTC_d472c.dir/CheckFunctionExists.c.o -o cmTC_d472c  -lm -lcrypt -latomic 
gmake[1]: Leaving directory '/var/www/html/portal/build/mysql-connector-odbc/build/CMakeFiles/CMakeTmp'



Determining if the lrand48 exist passed with the following output:
Change Dir: /var/www/html/portal/build/mysql-connector-odbc/build/CMakeFiles/CMakeTmp

Run Build Command(s):/usr/bin/gmake -f Makefile cmTC_fa23c/fast && /usr/bin/gmake  -f CMakeFiles/cmTC_fa23c.dir/build.make CMakeFiles/cmTC_fa23c.dir/build
gmake[1]: Entering directory '/var/www/html/portal/build/mysql-connector-odbc/build/CMakeFiles/CMakeTmp'
Building C object CMakeFiles/cmTC_fa23c.dir/CheckSymbolExists.c.o
/usr/bin/cc    -o CMakeFiles/cmTC_fa23c.dir/CheckSymbolExists.c.o -c /var/www/html/portal/build/mysql-connector-odbc/build/CMakeFiles/CMakeTmp/CheckSymbolExists.c
Linking C executable cmTC_fa23c
/usr/bin/cmake -E cmake_link_script CMakeFiles/cmTC_fa23c.dir/link.txt --verbose=1
/usr/bin/cc -rdynamic CMakeFiles/cmTC_fa23c.dir/CheckSymbolExists.c.o -o cmTC_fa23c  -lm -lcrypt -latomic 
gmake[1]: Leaving directory '/var/www/html/portal/build/mysql-connector-odbc/build/CMakeFiles/CMakeTmp'


File /var/www/html/portal/build/mysql-connector-odbc/build/CMakeFiles/CMakeTmp/CheckSymbolExists.c:
/* */
#include <stdlib.h>

int main(int argc, char** argv)
{
  (void)argv;
#ifndef lrand48
  return ((int*)(&lrand48))[argc];
#else
  (void)argc;
  return 0;
#endif
}
Determining if the TIOCGWINSZ exist passed with the following output:
Change Dir: /var/www/html/portal/build/mysql-connector-odbc/build/CMakeFiles/CMakeTmp

Run Build Command(s):/usr/bin/gmake -f Makefile cmTC_aac89/fast && /usr/bin/gmake  -f CMakeFiles/cmTC_aac89.dir/build.make CMakeFiles/cmTC_aac89.dir/build
gmake[1]: Entering directory '/var/www/html/portal/build/mysql-connector-odbc/build/CMakeFiles/CMakeTmp'
Building C object CMakeFiles/cmTC_aac89.dir/CheckSymbolExists.c.o
/usr/bin/cc    -o CMakeFiles/cmTC_aac89.dir/CheckSymbolExists.c.o -c /var/www/html/portal/build/mysql-connector-odbc/build/CMakeFiles/CMakeTmp/CheckSymbolExists.c
Linking C executable cmTC_aac89
/usr/bin/cmake -E cmake_link_script CMakeFiles/cmTC_aac89.dir/link.txt --verbose=1
/usr/bin/cc -rdynamic CMakeFiles/cmTC_aac89.dir/CheckSymbolExists.c.o -o cmTC_aac89  -lm -lcrypt -latomic 
gmake[1]: Leaving directory '/var/www/html/portal/build/mysql-connector-odbc/build/CMakeFiles/CMakeTmp'


File /var/www/html/portal/build/mysql-connector-odbc/build/CMakeFiles/CMakeTmp/CheckSymbolExists.c:
/* */
#include <sys/ioctl.h>

int main(int argc, char** argv)
{
  (void)argv;
#ifndef TIOCGWINSZ
  return ((int*)(&TIOCGWINSZ))[argc];
#else
  (void)argc;
  return 0;
#endif
}
Determining if the FIONREAD exist passed with the following output:
Change Dir: /var/www/html/portal/build/mysql-connector-odbc/build/CMakeFiles/CMakeTmp

Run Build Command(s):/usr/bin/gmake -f Makefile cmTC_63321/fast && /usr/bin/gmake  -f CMakeFiles/cmTC_63321.dir/build.make CMakeFiles/cmTC_63321.dir/build
gmake[1]: Entering directory '/var/www/html/portal/build/mysql-connector-odbc/build/CMakeFiles/CMakeTmp'
Building C object CMakeFiles/cmTC_63321.dir/CheckSymbolExists.c.o
/usr/bin/cc    -o CMakeFiles/cmTC_63321.dir/CheckSymbolExists.c.o -c /var/www/html/portal/build/mysql-connector-odbc/build/CMakeFiles/CMakeTmp/CheckSymbolExists.c
Linking C executable cmTC_63321
/usr/bin/cmake -E cmake_link_script CMakeFiles/cmTC_63321.dir/link.txt --verbose=1
/usr/bin/cc -rdynamic CMakeFiles/cmTC_63321.dir/CheckSymbolExists.c.o -o cmTC_63321  -lm -lcrypt -latomic 
gmake[1]: Leaving directory '/var/www/html/portal/build/mysql-connector-odbc/build/CMakeFiles/CMakeTmp'


File /var/www/html/portal/build/mysql-connector-odbc/build/CMakeFiles/CMakeTmp/CheckSymbolExists.c:
/* */
#include <sys/ioctl.h>

int main(int argc, char** argv)
{
  (void)argv;
#ifndef FIONREAD
  return ((int*)(&FIONREAD))[argc];
#else
  (void)argc;
  return 0;
#endif
}
Determining if the isinf exist passed with the following output:
Change Dir: /var/www/html/portal/build/mysql-connector-odbc/build/CMakeFiles/CMakeTmp

Run Build Command(s):/usr/bin/gmake -f Makefile cmTC_59c03/fast && /usr/bin/gmake  -f CMakeFiles/cmTC_59c03.dir/build.make CMakeFiles/cmTC_59c03.dir/build
gmake[1]: Entering directory '/var/www/html/portal/build/mysql-connector-odbc/build/CMakeFiles/CMakeTmp'
Building C object CMakeFiles/cmTC_59c03.dir/CheckSymbolExists.c.o
/usr/bin/cc    -o CMakeFiles/cmTC_59c03.dir/CheckSymbolExists.c.o -c /var/www/html/portal/build/mysql-connector-odbc/build/CMakeFiles/CMakeTmp/CheckSymbolExists.c
Linking C executable cmTC_59c03
/usr/bin/cmake -E cmake_link_script CMakeFiles/cmTC_59c03.dir/link.txt --verbose=1
/usr/bin/cc -rdynamic CMakeFiles/cmTC_59c03.dir/CheckSymbolExists.c.o -o cmTC_59c03  -lm -lcrypt -latomic 
gmake[1]: Leaving directory '/var/www/html/portal/build/mysql-connector-odbc/build/CMakeFiles/CMakeTmp'


File /var/www/html/portal/build/mysql-connector-odbc/build/CMakeFiles/CMakeTmp/CheckSymbolExists.c:
/* */
#include <math.h>

int main(int argc, char** argv)
{
  (void)argv;
#ifndef isinf
  return ((int*)(&isinf))[argc];
#else
  (void)argc;
  return 0;
#endif
}
Performing C++ SOURCE FILE Test HAVE_CXX_ISINF succeeded with the following output:
Change Dir: /var/www/html/portal/build/mysql-connector-odbc/build/CMakeFiles/CMakeTmp

Run Build Command(s):/usr/bin/gmake -f Makefile cmTC_17ac2/fast && /usr/bin/gmake  -f CMakeFiles/cmTC_17ac2.dir/build.make CMakeFiles/cmTC_17ac2.dir/build
gmake[1]: Entering directory '/var/www/html/portal/build/mysql-connector-odbc/build/CMakeFiles/CMakeTmp'
Building CXX object CMakeFiles/cmTC_17ac2.dir/src.cxx.o
/usr/bin/c++ -DHAVE_CXX_ISINF   -o CMakeFiles/cmTC_17ac2.dir/src.cxx.o -c /var/www/html/portal/build/mysql-connector-odbc/build/CMakeFiles/CMakeTmp/src.cxx
Linking CXX executable cmTC_17ac2
/usr/bin/cmake -E cmake_link_script CMakeFiles/cmTC_17ac2.dir/link.txt --verbose=1
/usr/bin/c++ -rdynamic CMakeFiles/cmTC_17ac2.dir/src.cxx.o -o cmTC_17ac2  -lm -lcrypt -latomic 
gmake[1]: Leaving directory '/var/www/html/portal/build/mysql-connector-odbc/build/CMakeFiles/CMakeTmp'


Source file was:
#include  <math.h>
int main() { 
  isinf(0.0); 
  return 0;
}
Determining if the function timer_create exists passed with the following output:
Change Dir: /var/www/html/portal/build/mysql-connector-odbc/build/CMakeFiles/CMakeTmp

Run Build Command(s):/usr/bin/gmake -f Makefile cmTC_f12cb/fast && /usr/bin/gmake  -f CMakeFiles/cmTC_f12cb.dir/build.make CMakeFiles/cmTC_f12cb.dir/build
gmake[1]: Entering directory '/var/www/html/portal/build/mysql-connector-odbc/build/CMakeFiles/CMakeTmp'
Building C object CMakeFiles/cmTC_f12cb.dir/CheckFunctionExists.c.o
/usr/bin/cc   -DCHECK_FUNCTION_EXISTS=timer_create -o CMakeFiles/cmTC_f12cb.dir/CheckFunctionExists.c.o -c /usr/share/cmake-3.22/Modules/CheckFunctionExists.c
Linking C executable cmTC_f12cb
/usr/bin/cmake -E cmake_link_script CMakeFiles/cmTC_f12cb.dir/link.txt --verbose=1
/usr/bin/cc  -DCHECK_FUNCTION_EXISTS=timer_create -rdynamic CMakeFiles/cmTC_f12cb.dir/CheckFunctionExists.c.o -o cmTC_f12cb  -lm -lcrypt -latomic 
gmake[1]: Leaving directory '/var/www/html/portal/build/mysql-connector-odbc/build/CMakeFiles/CMakeTmp'



Determining if the function timer_settime exists passed with the following output:
Change Dir: /var/www/html/portal/build/mysql-connector-odbc/build/CMakeFiles/CMakeTmp

Run Build Command(s):/usr/bin/gmake -f Makefile cmTC_351aa/fast && /usr/bin/gmake  -f CMakeFiles/cmTC_351aa.dir/build.make CMakeFiles/cmTC_351aa.dir/build
gmake[1]: Entering directory '/var/www/html/portal/build/mysql-connector-odbc/build/CMakeFiles/CMakeTmp'
Building C object CMakeFiles/cmTC_351aa.dir/CheckFunctionExists.c.o
/usr/bin/cc   -DCHECK_FUNCTION_EXISTS=timer_settime -o CMakeFiles/cmTC_351aa.dir/CheckFunctionExists.c.o -c /usr/share/cmake-3.22/Modules/CheckFunctionExists.c
Linking C executable cmTC_351aa
/usr/bin/cmake -E cmake_link_script CMakeFiles/cmTC_351aa.dir/link.txt --verbose=1
/usr/bin/cc  -DCHECK_FUNCTION_EXISTS=timer_settime -rdynamic CMakeFiles/cmTC_351aa.dir/CheckFunctionExists.c.o -o cmTC_351aa  -lm -lcrypt -latomic 
gmake[1]: Leaving directory '/var/www/html/portal/build/mysql-connector-odbc/build/CMakeFiles/CMakeTmp'



Determining if the include file sys/types.h exists passed with the following output:
Change Dir: /var/www/html/portal/build/mysql-connector-odbc/build/CMakeFiles/CMakeTmp

Run Build Command(s):/usr/bin/gmake -f Makefile cmTC_b1a3b/fast && /usr/bin/gmake  -f CMakeFiles/cmTC_b1a3b.dir/build.make CMakeFiles/cmTC_b1a3b.dir/build
gmake[1]: Entering directory '/var/www/html/portal/build/mysql-connector-odbc/build/CMakeFiles/CMakeTmp'
Building C object CMakeFiles/cmTC_b1a3b.dir/CheckIncludeFile.c.o
/usr/bin/cc -D_FILE_OFFSET_BITS=64 -D_GNU_SOURCE -D__STDC_CONSTANT_MACROS -D__STDC_FORMAT_MACROS -D__STDC_LIMIT_MACROS   -o CMakeFiles/cmTC_b1a3b.dir/CheckIncludeFile.c.o -c /var/www/html/portal/build/mysql-connector-odbc/build/CMakeFiles/CMakeTmp/CheckIncludeFile.c
Linking C executable cmTC_b1a3b
/usr/bin/cmake -E cmake_link_script CMakeFiles/cmTC_b1a3b.dir/link.txt --verbose=1
/usr/bin/cc -rdynamic CMakeFiles/cmTC_b1a3b.dir/CheckIncludeFile.c.o -o cmTC_b1a3b 
gmake[1]: Leaving directory '/var/www/html/portal/build/mysql-connector-odbc/build/CMakeFiles/CMakeTmp'



Determining if the include file stdint.h exists passed with the following output:
Change Dir: /var/www/html/portal/build/mysql-connector-odbc/build/CMakeFiles/CMakeTmp

Run Build Command(s):/usr/bin/gmake -f Makefile cmTC_62994/fast && /usr/bin/gmake  -f CMakeFiles/cmTC_62994.dir/build.make CMakeFiles/cmTC_62994.dir/build
gmake[1]: Entering directory '/var/www/html/portal/build/mysql-connector-odbc/build/CMakeFiles/CMakeTmp'
Building C object CMakeFiles/cmTC_62994.dir/CheckIncludeFile.c.o
/usr/bin/cc -D_FILE_OFFSET_BITS=64 -D_GNU_SOURCE -D__STDC_CONSTANT_MACROS -D__STDC_FORMAT_MACROS -D__STDC_LIMIT_MACROS   -o CMakeFiles/cmTC_62994.dir/CheckIncludeFile.c.o -c /var/www/html/portal/build/mysql-connector-odbc/build/CMakeFiles/CMakeTmp/CheckIncludeFile.c
Linking C executable cmTC_62994
/usr/bin/cmake -E cmake_link_script CMakeFiles/cmTC_62994.dir/link.txt --verbose=1
/usr/bin/cc -rdynamic CMakeFiles/cmTC_62994.dir/CheckIncludeFile.c.o -o cmTC_62994 
gmake[1]: Leaving directory '/var/www/html/portal/build/mysql-connector-odbc/build/CMakeFiles/CMakeTmp'



Determining if the include file stddef.h exists passed with the following output:
Change Dir: /var/www/html/portal/build/mysql-connector-odbc/build/CMakeFiles/CMakeTmp

Run Build Command(s):/usr/bin/gmake -f Makefile cmTC_bff0c/fast && /usr/bin/gmake  -f CMakeFiles/cmTC_bff0c.dir/build.make CMakeFiles/cmTC_bff0c.dir/build
gmake[1]: Entering directory '/var/www/html/portal/build/mysql-connector-odbc/build/CMakeFiles/CMakeTmp'
Building C object CMakeFiles/cmTC_bff0c.dir/CheckIncludeFile.c.o
/usr/bin/cc -D_FILE_OFFSET_BITS=64 -D_GNU_SOURCE -D__STDC_CONSTANT_MACROS -D__STDC_FORMAT_MACROS -D__STDC_LIMIT_MACROS   -o CMakeFiles/cmTC_bff0c.dir/CheckIncludeFile.c.o -c /var/www/html/portal/build/mysql-connector-odbc/build/CMakeFiles/CMakeTmp/CheckIncludeFile.c
Linking C executable cmTC_bff0c
/usr/bin/cmake -E cmake_link_script CMakeFiles/cmTC_bff0c.dir/link.txt --verbose=1
/usr/bin/cc -rdynamic CMakeFiles/cmTC_bff0c.dir/CheckIncludeFile.c.o -o cmTC_bff0c 
gmake[1]: Leaving directory '/var/www/html/portal/build/mysql-connector-odbc/build/CMakeFiles/CMakeTmp'



Determining size of uint8_t passed with the following output:
Change Dir: /var/www/html/portal/build/mysql-connector-odbc/build/CMakeFiles/CMakeTmp

Run Build Command(s):/usr/bin/gmake -f Makefile cmTC_134b9/fast && /usr/bin/gmake  -f CMakeFiles/cmTC_134b9.dir/build.make CMakeFiles/cmTC_134b9.dir/build
gmake[1]: Entering directory '/var/www/html/portal/build/mysql-connector-odbc/build/CMakeFiles/CMakeTmp'
Building C object CMakeFiles/cmTC_134b9.dir/HAVE_UINT8_T.c.o
/usr/bin/cc -D_FILE_OFFSET_BITS=64 -D_GNU_SOURCE -D__STDC_CONSTANT_MACROS -D__STDC_FORMAT_MACROS -D__STDC_LIMIT_MACROS   -o CMakeFiles/cmTC_134b9.dir/HAVE_UINT8_T.c.o -c /var/www/html/portal/build/mysql-connector-odbc/build/CMakeFiles/CheckTypeSize/HAVE_UINT8_T.c
Linking C executable cmTC_134b9
/usr/bin/cmake -E cmake_link_script CMakeFiles/cmTC_134b9.dir/link.txt --verbose=1
/usr/bin/cc -rdynamic CMakeFiles/cmTC_134b9.dir/HAVE_UINT8_T.c.o -o cmTC_134b9  -lm -lcrypt -latomic 
gmake[1]: Leaving directory '/var/www/html/portal/build/mysql-connector-odbc/build/CMakeFiles/CMakeTmp'



Determining size of uint16_t passed with the following output:
Change Dir: /var/www/html/portal/build/mysql-connector-odbc/build/CMakeFiles/CMakeTmp

Run Build Command(s):/usr/bin/gmake -f Makefile cmTC_421fa/fast && /usr/bin/gmake  -f CMakeFiles/cmTC_421fa.dir/build.make CMakeFiles/cmTC_421fa.dir/build
gmake[1]: Entering directory '/var/www/html/portal/build/mysql-connector-odbc/build/CMakeFiles/CMakeTmp'
Building C object CMakeFiles/cmTC_421fa.dir/HAVE_UINT16_T.c.o
/usr/bin/cc -D_FILE_OFFSET_BITS=64 -D_GNU_SOURCE -D__STDC_CONSTANT_MACROS -D__STDC_FORMAT_MACROS -D__STDC_LIMIT_MACROS   -o CMakeFiles/cmTC_421fa.dir/HAVE_UINT16_T.c.o -c /var/www/html/portal/build/mysql-connector-odbc/build/CMakeFiles/CheckTypeSize/HAVE_UINT16_T.c
Linking C executable cmTC_421fa
/usr/bin/cmake -E cmake_link_script CMakeFiles/cmTC_421fa.dir/link.txt --verbose=1
/usr/bin/cc -rdynamic CMakeFiles/cmTC_421fa.dir/HAVE_UINT16_T.c.o -o cmTC_421fa  -lm -lcrypt -latomic 
gmake[1]: Leaving directory '/var/www/html/portal/build/mysql-connector-odbc/build/CMakeFiles/CMakeTmp'



Determining size of uint32_t passed with the following output:
Change Dir: /var/www/html/portal/build/mysql-connector-odbc/build/CMakeFiles/CMakeTmp

Run Build Command(s):/usr/bin/gmake -f Makefile cmTC_bd6d5/fast && /usr/bin/gmake  -f CMakeFiles/cmTC_bd6d5.dir/build.make CMakeFiles/cmTC_bd6d5.dir/build
gmake[1]: Entering directory '/var/www/html/portal/build/mysql-connector-odbc/build/CMakeFiles/CMakeTmp'
Building C object CMakeFiles/cmTC_bd6d5.dir/HAVE_UINT32_T.c.o
/usr/bin/cc -D_FILE_OFFSET_BITS=64 -D_GNU_SOURCE -D__STDC_CONSTANT_MACROS -D__STDC_FORMAT_MACROS -D__STDC_LIMIT_MACROS   -o CMakeFiles/cmTC_bd6d5.dir/HAVE_UINT32_T.c.o -c /var/www/html/portal/build/mysql-connector-odbc/build/CMakeFiles/CheckTypeSize/HAVE_UINT32_T.c
Linking C executable cmTC_bd6d5
/usr/bin/cmake -E cmake_link_script CMakeFiles/cmTC_bd6d5.dir/link.txt --verbose=1
/usr/bin/cc -rdynamic CMakeFiles/cmTC_bd6d5.dir/HAVE_UINT32_T.c.o -o cmTC_bd6d5  -lm -lcrypt -latomic 
gmake[1]: Leaving directory '/var/www/html/portal/build/mysql-connector-odbc/build/CMakeFiles/CMakeTmp'



Determining size of uint64_t passed with the following output:
Change Dir: /var/www/html/portal/build/mysql-connector-odbc/build/CMakeFiles/CMakeTmp

Run Build Command(s):/usr/bin/gmake -f Makefile cmTC_b8439/fast && /usr/bin/gmake  -f CMakeFiles/cmTC_b8439.dir/build.make CMakeFiles/cmTC_b8439.dir/build
gmake[1]: Entering directory '/var/www/html/portal/build/mysql-connector-odbc/build/CMakeFiles/CMakeTmp'
Building C object CMakeFiles/cmTC_b8439.dir/HAVE_UINT64_T.c.o
/usr/bin/cc -D_FILE_OFFSET_BITS=64 -D_GNU_SOURCE -D__STDC_CONSTANT_MACROS -D__STDC_FORMAT_MACROS -D__STDC_LIMIT_MACROS   -o CMakeFiles/cmTC_b8439.dir/HAVE_UINT64_T.c.o -c /var/www/html/portal/build/mysql-connector-odbc/build/CMakeFiles/CheckTypeSize/HAVE_UINT64_T.c
Linking C executable cmTC_b8439
/usr/bin/cmake -E cmake_link_script CMakeFiles/cmTC_b8439.dir/link.txt --verbose=1
/usr/bin/cc -rdynamic CMakeFiles/cmTC_b8439.dir/HAVE_UINT64_T.c.o -o cmTC_b8439  -lm -lcrypt -latomic 
gmake[1]: Leaving directory '/var/www/html/portal/build/mysql-connector-odbc/build/CMakeFiles/CMakeTmp'



Determining size of void * passed with the following output:
Change Dir: /var/www/html/portal/build/mysql-connector-odbc/build/CMakeFiles/CMakeTmp

Run Build Command(s):/usr/bin/gmake -f Makefile cmTC_2ef92/fast && /usr/bin/gmake  -f CMakeFiles/cmTC_2ef92.dir/build.make CMakeFiles/cmTC_2ef92.dir/build
gmake[1]: Entering directory '/var/www/html/portal/build/mysql-connector-odbc/build/CMakeFiles/CMakeTmp'
Building C object CMakeFiles/cmTC_2ef92.dir/SIZEOF_VOIDP.c.o
/usr/bin/cc -D_FILE_OFFSET_BITS=64 -D_GNU_SOURCE -D__STDC_CONSTANT_MACROS -D__STDC_FORMAT_MACROS -D__STDC_LIMIT_MACROS   -o CMakeFiles/cmTC_2ef92.dir/SIZEOF_VOIDP.c.o -c /var/www/html/portal/build/mysql-connector-odbc/build/CMakeFiles/CheckTypeSize/SIZEOF_VOIDP.c
Linking C executable cmTC_2ef92
/usr/bin/cmake -E cmake_link_script CMakeFiles/cmTC_2ef92.dir/link.txt --verbose=1
/usr/bin/cc -rdynamic CMakeFiles/cmTC_2ef92.dir/SIZEOF_VOIDP.c.o -o cmTC_2ef92  -lm -lcrypt -latomic 
gmake[1]: Leaving directory '/var/www/html/portal/build/mysql-connector-odbc/build/CMakeFiles/CMakeTmp'



Determining size of char * passed with the following output:
Change Dir: /var/www/html/portal/build/mysql-connector-odbc/build/CMakeFiles/CMakeTmp

Run Build Command(s):/usr/bin/gmake -f Makefile cmTC_2bf8a/fast && /usr/bin/gmake  -f CMakeFiles/cmTC_2bf8a.dir/build.make CMakeFiles/cmTC_2bf8a.dir/build
gmake[1]: Entering directory '/var/www/html/portal/build/mysql-connector-odbc/build/CMakeFiles/CMakeTmp'
Building C object CMakeFiles/cmTC_2bf8a.dir/SIZEOF_CHARP.c.o
/usr/bin/cc -D_FILE_OFFSET_BITS=64 -D_GNU_SOURCE -D__STDC_CONSTANT_MACROS -D__STDC_FORMAT_MACROS -D__STDC_LIMIT_MACROS   -o CMakeFiles/cmTC_2bf8a.dir/SIZEOF_CHARP.c.o -c /var/www/html/portal/build/mysql-connector-odbc/build/CMakeFiles/CheckTypeSize/SIZEOF_CHARP.c
Linking C executable cmTC_2bf8a
/usr/bin/cmake -E cmake_link_script CMakeFiles/cmTC_2bf8a.dir/link.txt --verbose=1
/usr/bin/cc -rdynamic CMakeFiles/cmTC_2bf8a.dir/SIZEOF_CHARP.c.o -o cmTC_2bf8a  -lm -lcrypt -latomic 
gmake[1]: Leaving directory '/var/www/html/portal/build/mysql-connector-odbc/build/CMakeFiles/CMakeTmp'



Determining size of long passed with the following output:
Change Dir: /var/www/html/portal/build/mysql-connector-odbc/build/CMakeFiles/CMakeTmp

Run Build Command(s):/usr/bin/gmake -f Makefile cmTC_10867/fast && /usr/bin/gmake  -f CMakeFiles/cmTC_10867.dir/build.make CMakeFiles/cmTC_10867.dir/build
gmake[1]: Entering directory '/var/www/html/portal/build/mysql-connector-odbc/build/CMakeFiles/CMakeTmp'
Building C object CMakeFiles/cmTC_10867.dir/SIZEOF_LONG.c.o
/usr/bin/cc -D_FILE_OFFSET_BITS=64 -D_GNU_SOURCE -D__STDC_CONSTANT_MACROS -D__STDC_FORMAT_MACROS -D__STDC_LIMIT_MACROS   -o CMakeFiles/cmTC_10867.dir/SIZEOF_LONG.c.o -c /var/www/html/portal/build/mysql-connector-odbc/build/CMakeFiles/CheckTypeSize/SIZEOF_LONG.c
Linking C executable cmTC_10867
/usr/bin/cmake -E cmake_link_script CMakeFiles/cmTC_10867.dir/link.txt --verbose=1
/usr/bin/cc -rdynamic CMakeFiles/cmTC_10867.dir/SIZEOF_LONG.c.o -o cmTC_10867  -lm -lcrypt -latomic 
gmake[1]: Leaving directory '/var/www/html/portal/build/mysql-connector-odbc/build/CMakeFiles/CMakeTmp'



Determining size of short passed with the following output:
Change Dir: /var/www/html/portal/build/mysql-connector-odbc/build/CMakeFiles/CMakeTmp

Run Build Command(s):/usr/bin/gmake -f Makefile cmTC_17e1f/fast && /usr/bin/gmake  -f CMakeFiles/cmTC_17e1f.dir/build.make CMakeFiles/cmTC_17e1f.dir/build
gmake[1]: Entering directory '/var/www/html/portal/build/mysql-connector-odbc/build/CMakeFiles/CMakeTmp'
Building C object CMakeFiles/cmTC_17e1f.dir/SIZEOF_SHORT.c.o
/usr/bin/cc -D_FILE_OFFSET_BITS=64 -D_GNU_SOURCE -D__STDC_CONSTANT_MACROS -D__STDC_FORMAT_MACROS -D__STDC_LIMIT_MACROS   -o CMakeFiles/cmTC_17e1f.dir/SIZEOF_SHORT.c.o -c /var/www/html/portal/build/mysql-connector-odbc/build/CMakeFiles/CheckTypeSize/SIZEOF_SHORT.c
Linking C executable cmTC_17e1f
/usr/bin/cmake -E cmake_link_script CMakeFiles/cmTC_17e1f.dir/link.txt --verbose=1
/usr/bin/cc -rdynamic CMakeFiles/cmTC_17e1f.dir/SIZEOF_SHORT.c.o -o cmTC_17e1f  -lm -lcrypt -latomic 
gmake[1]: Leaving directory '/var/www/html/portal/build/mysql-connector-odbc/build/CMakeFiles/CMakeTmp'



Determining size of int passed with the following output:
Change Dir: /var/www/html/portal/build/mysql-connector-odbc/build/CMakeFiles/CMakeTmp

Run Build Command(s):/usr/bin/gmake -f Makefile cmTC_cc089/fast && /usr/bin/gmake  -f CMakeFiles/cmTC_cc089.dir/build.make CMakeFiles/cmTC_cc089.dir/build
gmake[1]: Entering directory '/var/www/html/portal/build/mysql-connector-odbc/build/CMakeFiles/CMakeTmp'
Building C object CMakeFiles/cmTC_cc089.dir/SIZEOF_INT.c.o
/usr/bin/cc -D_FILE_OFFSET_BITS=64 -D_GNU_SOURCE -D__STDC_CONSTANT_MACROS -D__STDC_FORMAT_MACROS -D__STDC_LIMIT_MACROS   -o CMakeFiles/cmTC_cc089.dir/SIZEOF_INT.c.o -c /var/www/html/portal/build/mysql-connector-odbc/build/CMakeFiles/CheckTypeSize/SIZEOF_INT.c
Linking C executable cmTC_cc089
/usr/bin/cmake -E cmake_link_script CMakeFiles/cmTC_cc089.dir/link.txt --verbose=1
/usr/bin/cc -rdynamic CMakeFiles/cmTC_cc089.dir/SIZEOF_INT.c.o -o cmTC_cc089  -lm -lcrypt -latomic 
gmake[1]: Leaving directory '/var/www/html/portal/build/mysql-connector-odbc/build/CMakeFiles/CMakeTmp'



Determining size of long long passed with the following output:
Change Dir: /var/www/html/portal/build/mysql-connector-odbc/build/CMakeFiles/CMakeTmp

Run Build Command(s):/usr/bin/gmake -f Makefile cmTC_ab294/fast && /usr/bin/gmake  -f CMakeFiles/cmTC_ab294.dir/build.make CMakeFiles/cmTC_ab294.dir/build
gmake[1]: Entering directory '/var/www/html/portal/build/mysql-connector-odbc/build/CMakeFiles/CMakeTmp'
Building C object CMakeFiles/cmTC_ab294.dir/SIZEOF_LONG_LONG.c.o
/usr/bin/cc -D_FILE_OFFSET_BITS=64 -D_GNU_SOURCE -D__STDC_CONSTANT_MACROS -D__STDC_FORMAT_MACROS -D__STDC_LIMIT_MACROS   -o CMakeFiles/cmTC_ab294.dir/SIZEOF_LONG_LONG.c.o -c /var/www/html/portal/build/mysql-connector-odbc/build/CMakeFiles/CheckTypeSize/SIZEOF_LONG_LONG.c
Linking C executable cmTC_ab294
/usr/bin/cmake -E cmake_link_script CMakeFiles/cmTC_ab294.dir/link.txt --verbose=1
/usr/bin/cc -rdynamic CMakeFiles/cmTC_ab294.dir/SIZEOF_LONG_LONG.c.o -o cmTC_ab294  -lm -lcrypt -latomic 
gmake[1]: Leaving directory '/var/www/html/portal/build/mysql-connector-odbc/build/CMakeFiles/CMakeTmp'



Determining size of off_t passed with the following output:
Change Dir: /var/www/html/portal/build/mysql-connector-odbc/build/CMakeFiles/CMakeTmp

Run Build Command(s):/usr/bin/gmake -f Makefile cmTC_c5e18/fast && /usr/bin/gmake  -f CMakeFiles/cmTC_c5e18.dir/build.make CMakeFiles/cmTC_c5e18.dir/build
gmake[1]: Entering directory '/var/www/html/portal/build/mysql-connector-odbc/build/CMakeFiles/CMakeTmp'
Building C object CMakeFiles/cmTC_c5e18.dir/SIZEOF_OFF_T.c.o
/usr/bin/cc -D_FILE_OFFSET_BITS=64 -D_GNU_SOURCE -D__STDC_CONSTANT_MACROS -D__STDC_FORMAT_MACROS -D__STDC_LIMIT_MACROS   -o CMakeFiles/cmTC_c5e18.dir/SIZEOF_OFF_T.c.o -c /var/www/html/portal/build/mysql-connector-odbc/build/CMakeFiles/CheckTypeSize/SIZEOF_OFF_T.c
Linking C executable cmTC_c5e18
/usr/bin/cmake -E cmake_link_script CMakeFiles/cmTC_c5e18.dir/link.txt --verbose=1
/usr/bin/cc -rdynamic CMakeFiles/cmTC_c5e18.dir/SIZEOF_OFF_T.c.o -o cmTC_c5e18  -lm -lcrypt -latomic 
gmake[1]: Leaving directory '/var/www/html/portal/build/mysql-connector-odbc/build/CMakeFiles/CMakeTmp'



Determining size of time_t passed with the following output:
Change Dir: /var/www/html/portal/build/mysql-connector-odbc/build/CMakeFiles/CMakeTmp

Run Build Command(s):/usr/bin/gmake -f Makefile cmTC_85a59/fast && /usr/bin/gmake  -f CMakeFiles/cmTC_85a59.dir/build.make CMakeFiles/cmTC_85a59.dir/build
gmake[1]: Entering directory '/var/www/html/portal/build/mysql-connector-odbc/build/CMakeFiles/CMakeTmp'
Building C object CMakeFiles/cmTC_85a59.dir/SIZEOF_TIME_T.c.o
/usr/bin/cc -D_FILE_OFFSET_BITS=64 -D_GNU_SOURCE -D__STDC_CONSTANT_MACROS -D__STDC_FORMAT_MACROS -D__STDC_LIMIT_MACROS   -o CMakeFiles/cmTC_85a59.dir/SIZEOF_TIME_T.c.o -c /var/www/html/portal/build/mysql-connector-odbc/build/CMakeFiles/CheckTypeSize/SIZEOF_TIME_T.c
Linking C executable cmTC_85a59
/usr/bin/cmake -E cmake_link_script CMakeFiles/cmTC_85a59.dir/link.txt --verbose=1
/usr/bin/cc -rdynamic CMakeFiles/cmTC_85a59.dir/SIZEOF_TIME_T.c.o -o cmTC_85a59  -lm -lcrypt -latomic 
gmake[1]: Leaving directory '/var/www/html/portal/build/mysql-connector-odbc/build/CMakeFiles/CMakeTmp'



Determining size of ulong passed with the following output:
Change Dir: /var/www/html/portal/build/mysql-connector-odbc/build/CMakeFiles/CMakeTmp

Run Build Command(s):/usr/bin/gmake -f Makefile cmTC_aae82/fast && /usr/bin/gmake  -f CMakeFiles/cmTC_aae82.dir/build.make CMakeFiles/cmTC_aae82.dir/build
gmake[1]: Entering directory '/var/www/html/portal/build/mysql-connector-odbc/build/CMakeFiles/CMakeTmp'
Building C object CMakeFiles/cmTC_aae82.dir/SIZEOF_ULONG.c.o
/usr/bin/cc -D_FILE_OFFSET_BITS=64 -D_GNU_SOURCE -D__STDC_CONSTANT_MACROS -D__STDC_FORMAT_MACROS -D__STDC_LIMIT_MACROS   -o CMakeFiles/cmTC_aae82.dir/SIZEOF_ULONG.c.o -c /var/www/html/portal/build/mysql-connector-odbc/build/CMakeFiles/CheckTypeSize/SIZEOF_ULONG.c
Linking C executable cmTC_aae82
/usr/bin/cmake -E cmake_link_script CMakeFiles/cmTC_aae82.dir/link.txt --verbose=1
/usr/bin/cc -rdynamic CMakeFiles/cmTC_aae82.dir/SIZEOF_ULONG.c.o -o cmTC_aae82  -lm -lcrypt -latomic 
gmake[1]: Leaving directory '/var/www/html/portal/build/mysql-connector-odbc/build/CMakeFiles/CMakeTmp'



Determining size of u_int32_t passed with the following output:
Change Dir: /var/www/html/portal/build/mysql-connector-odbc/build/CMakeFiles/CMakeTmp

Run Build Command(s):/usr/bin/gmake -f Makefile cmTC_d22e5/fast && /usr/bin/gmake  -f CMakeFiles/cmTC_d22e5.dir/build.make CMakeFiles/cmTC_d22e5.dir/build
gmake[1]: Entering directory '/var/www/html/portal/build/mysql-connector-odbc/build/CMakeFiles/CMakeTmp'
Building C object CMakeFiles/cmTC_d22e5.dir/SIZEOF_U_INT32_T.c.o
/usr/bin/cc -D_FILE_OFFSET_BITS=64 -D_GNU_SOURCE -D__STDC_CONSTANT_MACROS -D__STDC_FORMAT_MACROS -D__STDC_LIMIT_MACROS   -o CMakeFiles/cmTC_d22e5.dir/SIZEOF_U_INT32_T.c.o -c /var/www/html/portal/build/mysql-connector-odbc/build/CMakeFiles/CheckTypeSize/SIZEOF_U_INT32_T.c
Linking C executable cmTC_d22e5
/usr/bin/cmake -E cmake_link_script CMakeFiles/cmTC_d22e5.dir/link.txt --verbose=1
/usr/bin/cc -rdynamic CMakeFiles/cmTC_d22e5.dir/SIZEOF_U_INT32_T.c.o -o cmTC_d22e5  -lm -lcrypt -latomic 
gmake[1]: Leaving directory '/var/www/html/portal/build/mysql-connector-odbc/build/CMakeFiles/CMakeTmp'



Determining size of socklen_t passed with the following output:
Change Dir: /var/www/html/portal/build/mysql-connector-odbc/build/CMakeFiles/CMakeTmp

Run Build Command(s):/usr/bin/gmake -f Makefile cmTC_efd68/fast && /usr/bin/gmake  -f CMakeFiles/cmTC_efd68.dir/build.make CMakeFiles/cmTC_efd68.dir/build
gmake[1]: Entering directory '/var/www/html/portal/build/mysql-connector-odbc/build/CMakeFiles/CMakeTmp'
Building C object CMakeFiles/cmTC_efd68.dir/SIZEOF_SOCKLEN_T.c.o
/usr/bin/cc -D_FILE_OFFSET_BITS=64 -D_GNU_SOURCE -D__STDC_CONSTANT_MACROS -D__STDC_FORMAT_MACROS -D__STDC_LIMIT_MACROS   -o CMakeFiles/cmTC_efd68.dir/SIZEOF_SOCKLEN_T.c.o -c /var/www/html/portal/build/mysql-connector-odbc/build/CMakeFiles/CheckTypeSize/SIZEOF_SOCKLEN_T.c
Linking C executable cmTC_efd68
/usr/bin/cmake -E cmake_link_script CMakeFiles/cmTC_efd68.dir/link.txt --verbose=1
/usr/bin/cc -rdynamic CMakeFiles/cmTC_efd68.dir/SIZEOF_SOCKLEN_T.c.o -o cmTC_efd68  -lm -lcrypt -latomic 
gmake[1]: Leaving directory '/var/www/html/portal/build/mysql-connector-odbc/build/CMakeFiles/CMakeTmp'



Performing C++ SOURCE FILE Test HAVE_VISIBILITY_HIDDEN succeeded with the following output:
Change Dir: /var/www/html/portal/build/mysql-connector-odbc/build/CMakeFiles/CMakeTmp

Run Build Command(s):/usr/bin/gmake -f Makefile cmTC_c8a2e/fast && /usr/bin/gmake  -f CMakeFiles/cmTC_c8a2e.dir/build.make CMakeFiles/cmTC_c8a2e.dir/build
gmake[1]: Entering directory '/var/www/html/portal/build/mysql-connector-odbc/build/CMakeFiles/CMakeTmp'
Building CXX object CMakeFiles/cmTC_c8a2e.dir/src.cxx.o
/usr/bin/c++ -DHAVE_VISIBILITY_HIDDEN -D_FILE_OFFSET_BITS=64 -D_GNU_SOURCE -D__STDC_CONSTANT_MACROS -D__STDC_FORMAT_MACROS -D__STDC_LIMIT_MACROS  -fvisibility=hidden -o CMakeFiles/cmTC_c8a2e.dir/src.cxx.o -c /var/www/html/portal/build/mysql-connector-odbc/build/CMakeFiles/CMakeTmp/src.cxx
Linking CXX executable cmTC_c8a2e
/usr/bin/cmake -E cmake_link_script CMakeFiles/cmTC_c8a2e.dir/link.txt --verbose=1
/usr/bin/c++   -fvisibility=hidden -rdynamic CMakeFiles/cmTC_c8a2e.dir/src.cxx.o -o cmTC_c8a2e  -lm -lcrypt -latomic 
gmake[1]: Leaving directory '/var/www/html/portal/build/mysql-connector-odbc/build/CMakeFiles/CMakeTmp'


Source file was:
int main(void) { return 0; }
Performing C SOURCE FILE Test HAVE_CLOCK_GETTIME succeeded with the following compile output:
Change Dir: /var/www/html/portal/build/mysql-connector-odbc/build/CMakeFiles/CMakeTmp

Run Build Command(s):/usr/bin/gmake -f Makefile cmTC_5fad3/fast && /usr/bin/gmake  -f CMakeFiles/cmTC_5fad3.dir/build.make CMakeFiles/cmTC_5fad3.dir/build
gmake[1]: Entering directory '/var/www/html/portal/build/mysql-connector-odbc/build/CMakeFiles/CMakeTmp'
Building C object CMakeFiles/cmTC_5fad3.dir/src.c.o
/usr/bin/cc -DHAVE_CLOCK_GETTIME -D_FILE_OFFSET_BITS=64 -D_GNU_SOURCE -D__STDC_CONSTANT_MACROS -D__STDC_FORMAT_MACROS -D__STDC_LIMIT_MACROS   -o CMakeFiles/cmTC_5fad3.dir/src.c.o -c /var/www/html/portal/build/mysql-connector-odbc/build/CMakeFiles/CMakeTmp/src.c
Linking C executable cmTC_5fad3
/usr/bin/cmake -E cmake_link_script CMakeFiles/cmTC_5fad3.dir/link.txt --verbose=1
/usr/bin/cc -rdynamic CMakeFiles/cmTC_5fad3.dir/src.c.o -o cmTC_5fad3  -lm -lcrypt -latomic 
gmake[1]: Leaving directory '/var/www/html/portal/build/mysql-connector-odbc/build/CMakeFiles/CMakeTmp'


...and run output:

Return value: 1
Source file was:

#include <time.h>
int main()
{
  struct timespec ts;
  return clock_gettime(CLOCK_MONOTONIC, &ts);
}
Performing C SOURCE FILE Test HAVE_CLOCK_REALTIME succeeded with the following compile output:
Change Dir: /var/www/html/portal/build/mysql-connector-odbc/build/CMakeFiles/CMakeTmp

Run Build Command(s):/usr/bin/gmake -f Makefile cmTC_ca5b8/fast && /usr/bin/gmake  -f CMakeFiles/cmTC_ca5b8.dir/build.make CMakeFiles/cmTC_ca5b8.dir/build
gmake[1]: Entering directory '/var/www/html/portal/build/mysql-connector-odbc/build/CMakeFiles/CMakeTmp'
Building C object CMakeFiles/cmTC_ca5b8.dir/src.c.o
/usr/bin/cc -DHAVE_CLOCK_REALTIME -D_FILE_OFFSET_BITS=64 -D_GNU_SOURCE -D__STDC_CONSTANT_MACROS -D__STDC_FORMAT_MACROS -D__STDC_LIMIT_MACROS   -o CMakeFiles/cmTC_ca5b8.dir/src.c.o -c /var/www/html/portal/build/mysql-connector-odbc/build/CMakeFiles/CMakeTmp/src.c
Linking C executable cmTC_ca5b8
/usr/bin/cmake -E cmake_link_script CMakeFiles/cmTC_ca5b8.dir/link.txt --verbose=1
/usr/bin/cc -rdynamic CMakeFiles/cmTC_ca5b8.dir/src.c.o -o cmTC_ca5b8  -lm -lcrypt -latomic 
gmake[1]: Leaving directory '/var/www/html/portal/build/mysql-connector-odbc/build/CMakeFiles/CMakeTmp'


...and run output:

Return value: 1
Source file was:

#include <time.h>
int main()
{
  struct timespec ts;
  return clock_gettime(CLOCK_REALTIME, &ts);
}
Determining if files time.h;sys/time.h exist passed with the following output:
Change Dir: /var/www/html/portal/build/mysql-connector-odbc/build/CMakeFiles/CMakeTmp

Run Build Command(s):/usr/bin/gmake -f Makefile cmTC_07a9a/fast && /usr/bin/gmake  -f CMakeFiles/cmTC_07a9a.dir/build.make CMakeFiles/cmTC_07a9a.dir/build
gmake[1]: Entering directory '/var/www/html/portal/build/mysql-connector-odbc/build/CMakeFiles/CMakeTmp'
Building C object CMakeFiles/cmTC_07a9a.dir/TIME_WITH_SYS_TIME.c.o
/usr/bin/cc -D_FILE_OFFSET_BITS=64 -D_GNU_SOURCE -D__STDC_CONSTANT_MACROS -D__STDC_FORMAT_MACROS -D__STDC_LIMIT_MACROS   -o CMakeFiles/cmTC_07a9a.dir/TIME_WITH_SYS_TIME.c.o -c /var/www/html/portal/build/mysql-connector-odbc/build/CMakeFiles/CheckIncludeFiles/TIME_WITH_SYS_TIME.c
Linking C executable cmTC_07a9a
/usr/bin/cmake -E cmake_link_script CMakeFiles/cmTC_07a9a.dir/link.txt --verbose=1
/usr/bin/cc -rdynamic CMakeFiles/cmTC_07a9a.dir/TIME_WITH_SYS_TIME.c.o -o cmTC_07a9a 
gmake[1]: Leaving directory '/var/www/html/portal/build/mysql-connector-odbc/build/CMakeFiles/CMakeTmp'



Determining if the O_NONBLOCK exist passed with the following output:
Change Dir: /var/www/html/portal/build/mysql-connector-odbc/build/CMakeFiles/CMakeTmp

Run Build Command(s):/usr/bin/gmake -f Makefile cmTC_474ec/fast && /usr/bin/gmake  -f CMakeFiles/cmTC_474ec.dir/build.make CMakeFiles/cmTC_474ec.dir/build
gmake[1]: Entering directory '/var/www/html/portal/build/mysql-connector-odbc/build/CMakeFiles/CMakeTmp'
Building C object CMakeFiles/cmTC_474ec.dir/CheckSymbolExists.c.o
/usr/bin/cc -D_FILE_OFFSET_BITS=64 -D_GNU_SOURCE -D__STDC_CONSTANT_MACROS -D__STDC_FORMAT_MACROS -D__STDC_LIMIT_MACROS   -o CMakeFiles/cmTC_474ec.dir/CheckSymbolExists.c.o -c /var/www/html/portal/build/mysql-connector-odbc/build/CMakeFiles/CMakeTmp/CheckSymbolExists.c
Linking C executable cmTC_474ec
/usr/bin/cmake -E cmake_link_script CMakeFiles/cmTC_474ec.dir/link.txt --verbose=1
/usr/bin/cc -rdynamic CMakeFiles/cmTC_474ec.dir/CheckSymbolExists.c.o -o cmTC_474ec  -lm -lcrypt -latomic 
gmake[1]: Leaving directory '/var/www/html/portal/build/mysql-connector-odbc/build/CMakeFiles/CMakeTmp'


File /var/www/html/portal/build/mysql-connector-odbc/build/CMakeFiles/CMakeTmp/CheckSymbolExists.c:
/* */
#include <unistd.h>
#include <fcntl.h>

int main(int argc, char** argv)
{
  (void)argv;
#ifndef O_NONBLOCK
  return ((int*)(&O_NONBLOCK))[argc];
#else
  (void)argc;
  return 0;
#endif
}
Performing C SOURCE FILE Test HAVE_PAUSE_INSTRUCTION succeeded with the following compile output:
Change Dir: /var/www/html/portal/build/mysql-connector-odbc/build/CMakeFiles/CMakeTmp

Run Build Command(s):/usr/bin/gmake -f Makefile cmTC_6e4e6/fast && /usr/bin/gmake  -f CMakeFiles/cmTC_6e4e6.dir/build.make CMakeFiles/cmTC_6e4e6.dir/build
gmake[1]: Entering directory '/var/www/html/portal/build/mysql-connector-odbc/build/CMakeFiles/CMakeTmp'
Building C object CMakeFiles/cmTC_6e4e6.dir/src.c.o
/usr/bin/cc -DHAVE_PAUSE_INSTRUCTION -D_FILE_OFFSET_BITS=64 -D_GNU_SOURCE -D__STDC_CONSTANT_MACROS -D__STDC_FORMAT_MACROS -D__STDC_LIMIT_MACROS   -o CMakeFiles/cmTC_6e4e6.dir/src.c.o -c /var/www/html/portal/build/mysql-connector-odbc/build/CMakeFiles/CMakeTmp/src.c
Linking C executable cmTC_6e4e6
/usr/bin/cmake -E cmake_link_script CMakeFiles/cmTC_6e4e6.dir/link.txt --verbose=1
/usr/bin/cc -rdynamic CMakeFiles/cmTC_6e4e6.dir/src.c.o -o cmTC_6e4e6  -lm -lcrypt -latomic 
gmake[1]: Leaving directory '/var/www/html/portal/build/mysql-connector-odbc/build/CMakeFiles/CMakeTmp'


...and run output:

Return value: 1
Source file was:

      int main()
      {
        __asm__ __volatile__ ("pause");
        return 0;
      }
Determining if the include file cxxabi.h exists passed with the following output:
Change Dir: /var/www/html/portal/build/mysql-connector-odbc/build/CMakeFiles/CMakeTmp

Run Build Command(s):/usr/bin/gmake -f Makefile cmTC_f9aaf/fast && /usr/bin/gmake  -f CMakeFiles/cmTC_f9aaf.dir/build.make CMakeFiles/cmTC_f9aaf.dir/build
gmake[1]: Entering directory '/var/www/html/portal/build/mysql-connector-odbc/build/CMakeFiles/CMakeTmp'
Building CXX object CMakeFiles/cmTC_f9aaf.dir/CheckIncludeFile.cxx.o
/usr/bin/c++ -D_FILE_OFFSET_BITS=64 -D_GNU_SOURCE -D__STDC_CONSTANT_MACROS -D__STDC_FORMAT_MACROS -D__STDC_LIMIT_MACROS   -o CMakeFiles/cmTC_f9aaf.dir/CheckIncludeFile.cxx.o -c /var/www/html/portal/build/mysql-connector-odbc/build/CMakeFiles/CMakeTmp/CheckIncludeFile.cxx
Linking CXX executable cmTC_f9aaf
/usr/bin/cmake -E cmake_link_script CMakeFiles/cmTC_f9aaf.dir/link.txt --verbose=1
/usr/bin/c++ -rdynamic CMakeFiles/cmTC_f9aaf.dir/CheckIncludeFile.cxx.o -o cmTC_f9aaf 
gmake[1]: Leaving directory '/var/www/html/portal/build/mysql-connector-odbc/build/CMakeFiles/CMakeTmp'



Performing C++ SOURCE FILE Test HAVE_ABI_CXA_DEMANGLE succeeded with the following output:
Change Dir: /var/www/html/portal/build/mysql-connector-odbc/build/CMakeFiles/CMakeTmp

Run Build Command(s):/usr/bin/gmake -f Makefile cmTC_6b898/fast && /usr/bin/gmake  -f CMakeFiles/cmTC_6b898.dir/build.make CMakeFiles/cmTC_6b898.dir/build
gmake[1]: Entering directory '/var/www/html/portal/build/mysql-connector-odbc/build/CMakeFiles/CMakeTmp'
Building CXX object CMakeFiles/cmTC_6b898.dir/src.cxx.o
/usr/bin/c++ -DHAVE_ABI_CXA_DEMANGLE -D_FILE_OFFSET_BITS=64 -D_GNU_SOURCE -D__STDC_CONSTANT_MACROS -D__STDC_FORMAT_MACROS -D__STDC_LIMIT_MACROS   -o CMakeFiles/cmTC_6b898.dir/src.cxx.o -c /var/www/html/portal/build/mysql-connector-odbc/build/CMakeFiles/CMakeTmp/src.cxx
Linking CXX executable cmTC_6b898
/usr/bin/cmake -E cmake_link_script CMakeFiles/cmTC_6b898.dir/link.txt --verbose=1
/usr/bin/c++ -rdynamic CMakeFiles/cmTC_6b898.dir/src.cxx.o -o cmTC_6b898  -lm -lcrypt -latomic 
gmake[1]: Leaving directory '/var/www/html/portal/build/mysql-connector-odbc/build/CMakeFiles/CMakeTmp'


Source file was:

      #include <cxxabi.h>
      int main(int argc, char **argv) 
        {
          char *foo= 0; int bar= 0;
          foo= abi::__cxa_demangle(foo, foo, 0, &bar);
          return 0;
        }
Performing C SOURCE FILE Test HAVE_BUILTIN_UNREACHABLE succeeded with the following output:
Change Dir: /var/www/html/portal/build/mysql-connector-odbc/build/CMakeFiles/CMakeTmp

Run Build Command(s):/usr/bin/gmake -f Makefile cmTC_4b9a6/fast && /usr/bin/gmake  -f CMakeFiles/cmTC_4b9a6.dir/build.make CMakeFiles/cmTC_4b9a6.dir/build
gmake[1]: Entering directory '/var/www/html/portal/build/mysql-connector-odbc/build/CMakeFiles/CMakeTmp'
Building C object CMakeFiles/cmTC_4b9a6.dir/src.c.o
/usr/bin/cc -DHAVE_BUILTIN_UNREACHABLE -D_FILE_OFFSET_BITS=64 -D_GNU_SOURCE -D__STDC_CONSTANT_MACROS -D__STDC_FORMAT_MACROS -D__STDC_LIMIT_MACROS   -o CMakeFiles/cmTC_4b9a6.dir/src.c.o -c /var/www/html/portal/build/mysql-connector-odbc/build/CMakeFiles/CMakeTmp/src.c
Linking C executable cmTC_4b9a6
/usr/bin/cmake -E cmake_link_script CMakeFiles/cmTC_4b9a6.dir/link.txt --verbose=1
/usr/bin/cc -rdynamic CMakeFiles/cmTC_4b9a6.dir/src.c.o -o cmTC_4b9a6  -lm -lcrypt -latomic 
gmake[1]: Leaving directory '/var/www/html/portal/build/mysql-connector-odbc/build/CMakeFiles/CMakeTmp'


Source file was:

    int main()
    {
      __builtin_unreachable();
      return 0;
    }
Performing C SOURCE FILE Test HAVE_BUILTIN_EXPECT succeeded with the following output:
Change Dir: /var/www/html/portal/build/mysql-connector-odbc/build/CMakeFiles/CMakeTmp

Run Build Command(s):/usr/bin/gmake -f Makefile cmTC_d3fec/fast && /usr/bin/gmake  -f CMakeFiles/cmTC_d3fec.dir/build.make CMakeFiles/cmTC_d3fec.dir/build
gmake[1]: Entering directory '/var/www/html/portal/build/mysql-connector-odbc/build/CMakeFiles/CMakeTmp'
Building C object CMakeFiles/cmTC_d3fec.dir/src.c.o
/usr/bin/cc -DHAVE_BUILTIN_EXPECT -D_FILE_OFFSET_BITS=64 -D_GNU_SOURCE -D__STDC_CONSTANT_MACROS -D__STDC_FORMAT_MACROS -D__STDC_LIMIT_MACROS   -o CMakeFiles/cmTC_d3fec.dir/src.c.o -c /var/www/html/portal/build/mysql-connector-odbc/build/CMakeFiles/CMakeTmp/src.c
Linking C executable cmTC_d3fec
/usr/bin/cmake -E cmake_link_script CMakeFiles/cmTC_d3fec.dir/link.txt --verbose=1
/usr/bin/cc -rdynamic CMakeFiles/cmTC_d3fec.dir/src.c.o -o cmTC_d3fec  -lm -lcrypt -latomic 
gmake[1]: Leaving directory '/var/www/html/portal/build/mysql-connector-odbc/build/CMakeFiles/CMakeTmp'


Source file was:

    int main()
    {
      long l= 0;
      __builtin_expect(l, 0);
      return 0;
    }
Performing C SOURCE FILE Test HAVE_BUILTIN_STPCPY succeeded with the following output:
Change Dir: /var/www/html/portal/build/mysql-connector-odbc/build/CMakeFiles/CMakeTmp

Run Build Command(s):/usr/bin/gmake -f Makefile cmTC_e76ac/fast && /usr/bin/gmake  -f CMakeFiles/cmTC_e76ac.dir/build.make CMakeFiles/cmTC_e76ac.dir/build
gmake[1]: Entering directory '/var/www/html/portal/build/mysql-connector-odbc/build/CMakeFiles/CMakeTmp'
Building C object CMakeFiles/cmTC_e76ac.dir/src.c.o
/usr/bin/cc -DHAVE_BUILTIN_STPCPY -D_FILE_OFFSET_BITS=64 -D_GNU_SOURCE -D__STDC_CONSTANT_MACROS -D__STDC_FORMAT_MACROS -D__STDC_LIMIT_MACROS   -o CMakeFiles/cmTC_e76ac.dir/src.c.o -c /var/www/html/portal/build/mysql-connector-odbc/build/CMakeFiles/CMakeTmp/src.c
Linking C executable cmTC_e76ac
/usr/bin/cmake -E cmake_link_script CMakeFiles/cmTC_e76ac.dir/link.txt --verbose=1
/usr/bin/cc -rdynamic CMakeFiles/cmTC_e76ac.dir/src.c.o -o cmTC_e76ac  -lm -lcrypt -latomic 
gmake[1]: Leaving directory '/var/www/html/portal/build/mysql-connector-odbc/build/CMakeFiles/CMakeTmp'


Source file was:

      int main()
      {
        char foo1[1];
        char foo2[1];
        __builtin_stpcpy(foo1, foo2);
        return 0;
      }
Performing C++ SOURCE FILE Test HAVE_GCC_ATOMIC_BUILTINS succeeded with the following output:
Change Dir: /var/www/html/portal/build/mysql-connector-odbc/build/CMakeFiles/CMakeTmp

Run Build Command(s):/usr/bin/gmake -f Makefile cmTC_3d9f5/fast && /usr/bin/gmake  -f CMakeFiles/cmTC_3d9f5.dir/build.make CMakeFiles/cmTC_3d9f5.dir/build
gmake[1]: Entering directory '/var/www/html/portal/build/mysql-connector-odbc/build/CMakeFiles/CMakeTmp'
Building CXX object CMakeFiles/cmTC_3d9f5.dir/src.cxx.o
/usr/bin/c++ -DHAVE_GCC_ATOMIC_BUILTINS -D_FILE_OFFSET_BITS=64 -D_GNU_SOURCE -D__STDC_CONSTANT_MACROS -D__STDC_FORMAT_MACROS -D__STDC_LIMIT_MACROS   -o CMakeFiles/cmTC_3d9f5.dir/src.cxx.o -c /var/www/html/portal/build/mysql-connector-odbc/build/CMakeFiles/CMakeTmp/src.cxx
Linking CXX executable cmTC_3d9f5
/usr/bin/cmake -E cmake_link_script CMakeFiles/cmTC_3d9f5.dir/link.txt --verbose=1
/usr/bin/c++ -rdynamic CMakeFiles/cmTC_3d9f5.dir/src.cxx.o -o cmTC_3d9f5  -lm -lcrypt -latomic 
gmake[1]: Leaving directory '/var/www/html/portal/build/mysql-connector-odbc/build/CMakeFiles/CMakeTmp'


Source file was:

    int main()
    {
      int foo= -10; int bar= 10;
      long long int foo64= -10; long long int bar64= 10;
      if (!__atomic_fetch_add(&foo, bar, __ATOMIC_SEQ_CST) || foo)
        return -1;
      bar= __atomic_exchange_n(&foo, bar, __ATOMIC_SEQ_CST);
      if (bar || foo != 10)
        return -1;
      bar= __atomic_compare_exchange_n(&bar, &foo, 15, 0,
                                      __ATOMIC_SEQ_CST, __ATOMIC_SEQ_CST);
      if (bar)
        return -1;
      if (!__atomic_fetch_add(&foo64, bar64, __ATOMIC_SEQ_CST) || foo64)
        return -1;
      bar64= __atomic_exchange_n(&foo64, bar64, __ATOMIC_SEQ_CST);
      if (bar64 || foo64 != 10)
        return -1;
      bar64= __atomic_compare_exchange_n(&bar64, &foo64, 15, 0,
                                        __ATOMIC_SEQ_CST, __ATOMIC_SEQ_CST);
      if (bar64)
        return -1;
      return 0;
    }
Performing C++ SOURCE FILE Test HAVE_GCC_SYNC_BUILTINS succeeded with the following output:
Change Dir: /var/www/html/portal/build/mysql-connector-odbc/build/CMakeFiles/CMakeTmp

Run Build Command(s):/usr/bin/gmake -f Makefile cmTC_95c34/fast && /usr/bin/gmake  -f CMakeFiles/cmTC_95c34.dir/build.make CMakeFiles/cmTC_95c34.dir/build
gmake[1]: Entering directory '/var/www/html/portal/build/mysql-connector-odbc/build/CMakeFiles/CMakeTmp'
Building CXX object CMakeFiles/cmTC_95c34.dir/src.cxx.o
/usr/bin/c++ -DHAVE_GCC_SYNC_BUILTINS -D_FILE_OFFSET_BITS=64 -D_GNU_SOURCE -D__STDC_CONSTANT_MACROS -D__STDC_FORMAT_MACROS -D__STDC_LIMIT_MACROS   -o CMakeFiles/cmTC_95c34.dir/src.cxx.o -c /var/www/html/portal/build/mysql-connector-odbc/build/CMakeFiles/CMakeTmp/src.cxx
Linking CXX executable cmTC_95c34
/usr/bin/cmake -E cmake_link_script CMakeFiles/cmTC_95c34.dir/link.txt --verbose=1
/usr/bin/c++ -rdynamic CMakeFiles/cmTC_95c34.dir/src.cxx.o -o cmTC_95c34  -lm -lcrypt -latomic 
gmake[1]: Leaving directory '/var/www/html/portal/build/mysql-connector-odbc/build/CMakeFiles/CMakeTmp'


Source file was:

    int main()
    {
      int foo= -10; int bar= 10;
      long long int foo64= -10; long long int bar64= 10;
      if (!__sync_fetch_and_add(&foo, bar) || foo)
        return -1;
      bar= __sync_lock_test_and_set(&foo, bar);
      if (bar || foo != 10)
        return -1;
      bar= __sync_val_compare_and_swap(&bar, foo, 15);
      if (bar)
        return -1;
      if (!__sync_fetch_and_add(&foo64, bar64) || foo64)
        return -1;
      bar64= __sync_lock_test_and_set(&foo64, bar64);
      if (bar64 || foo64 != 10)
        return -1;
      bar64= __sync_val_compare_and_swap(&bar64, foo, 15);
      if (bar64)
        return -1;
      return 0;
    }
Performing C SOURCE FILE Test HAVE_SYS_GETTID succeeded with the following output:
Change Dir: /var/www/html/portal/build/mysql-connector-odbc/build/CMakeFiles/CMakeTmp

Run Build Command(s):/usr/bin/gmake -f Makefile cmTC_8a78e/fast && /usr/bin/gmake  -f CMakeFiles/cmTC_8a78e.dir/build.make CMakeFiles/cmTC_8a78e.dir/build
gmake[1]: Entering directory '/var/www/html/portal/build/mysql-connector-odbc/build/CMakeFiles/CMakeTmp'
Building C object CMakeFiles/cmTC_8a78e.dir/src.c.o
/usr/bin/cc -DHAVE_SYS_GETTID -D_FILE_OFFSET_BITS=64 -D_GNU_SOURCE -D__STDC_CONSTANT_MACROS -D__STDC_FORMAT_MACROS -D__STDC_LIMIT_MACROS   -o CMakeFiles/cmTC_8a78e.dir/src.c.o -c /var/www/html/portal/build/mysql-connector-odbc/build/CMakeFiles/CMakeTmp/src.c
Linking C executable cmTC_8a78e
/usr/bin/cmake -E cmake_link_script CMakeFiles/cmTC_8a78e.dir/link.txt --verbose=1
/usr/bin/cc -rdynamic CMakeFiles/cmTC_8a78e.dir/src.c.o -o cmTC_8a78e  -lm -lcrypt -latomic 
gmake[1]: Leaving directory '/var/www/html/portal/build/mysql-connector-odbc/build/CMakeFiles/CMakeTmp'


Source file was:

    #include <sys/types.h>
    #include <sys/syscall.h>
    #include <unistd.h>
    int main(int ac, char **av)
    {
      unsigned long long tid = syscall(SYS_gettid);
      return (tid != 0 ? 0 : 1);
    }
Performing C SOURCE FILE Test HAVE_INTEGER_PTHREAD_SELF succeeded with the following output:
Change Dir: /var/www/html/portal/build/mysql-connector-odbc/build/CMakeFiles/CMakeTmp

Run Build Command(s):/usr/bin/gmake -f Makefile cmTC_e6b87/fast && /usr/bin/gmake  -f CMakeFiles/cmTC_e6b87.dir/build.make CMakeFiles/cmTC_e6b87.dir/build
gmake[1]: Entering directory '/var/www/html/portal/build/mysql-connector-odbc/build/CMakeFiles/CMakeTmp'
Building C object CMakeFiles/cmTC_e6b87.dir/src.c.o
/usr/bin/cc -DHAVE_INTEGER_PTHREAD_SELF -D_FILE_OFFSET_BITS=64 -D_GNU_SOURCE -D__STDC_CONSTANT_MACROS -D__STDC_FORMAT_MACROS -D__STDC_LIMIT_MACROS   -o CMakeFiles/cmTC_e6b87.dir/src.c.o -c /var/www/html/portal/build/mysql-connector-odbc/build/CMakeFiles/CMakeTmp/src.c
Linking C executable cmTC_e6b87
/usr/bin/cmake -E cmake_link_script CMakeFiles/cmTC_e6b87.dir/link.txt --verbose=1
/usr/bin/cc -rdynamic CMakeFiles/cmTC_e6b87.dir/src.c.o -o cmTC_e6b87  -lm -lcrypt -latomic 
gmake[1]: Leaving directory '/var/www/html/portal/build/mysql-connector-odbc/build/CMakeFiles/CMakeTmp'


Source file was:

    #include <sys/types.h>
    #include <pthread.h>
    int main(int ac, char **av)
    {
      unsigned long long tid = pthread_self();
      return (tid != 0 ? 0 : 1);
    }
Determining if files numa.h exist passed with the following output:
Change Dir: /var/www/html/portal/build/mysql-connector-odbc/build/CMakeFiles/CMakeTmp

Run Build Command(s):/usr/bin/gmake -f Makefile cmTC_0239c/fast && /usr/bin/gmake  -f CMakeFiles/cmTC_0239c.dir/build.make CMakeFiles/cmTC_0239c.dir/build
gmake[1]: Entering directory '/var/www/html/portal/build/mysql-connector-odbc/build/CMakeFiles/CMakeTmp'
Building C object CMakeFiles/cmTC_0239c.dir/HAVE_NUMA_H.c.o
/usr/bin/cc -D_FILE_OFFSET_BITS=64 -D_GNU_SOURCE -D__STDC_CONSTANT_MACROS -D__STDC_FORMAT_MACROS -D__STDC_LIMIT_MACROS   -o CMakeFiles/cmTC_0239c.dir/HAVE_NUMA_H.c.o -c /var/www/html/portal/build/mysql-connector-odbc/build/CMakeFiles/CheckIncludeFiles/HAVE_NUMA_H.c
Linking C executable cmTC_0239c
/usr/bin/cmake -E cmake_link_script CMakeFiles/cmTC_0239c.dir/link.txt --verbose=1
/usr/bin/cc -rdynamic CMakeFiles/cmTC_0239c.dir/HAVE_NUMA_H.c.o -o cmTC_0239c 
gmake[1]: Leaving directory '/var/www/html/portal/build/mysql-connector-odbc/build/CMakeFiles/CMakeTmp'



Determining if files numaif.h exist passed with the following output:
Change Dir: /var/www/html/portal/build/mysql-connector-odbc/build/CMakeFiles/CMakeTmp

Run Build Command(s):/usr/bin/gmake -f Makefile cmTC_f8066/fast && /usr/bin/gmake  -f CMakeFiles/cmTC_f8066.dir/build.make CMakeFiles/cmTC_f8066.dir/build
gmake[1]: Entering directory '/var/www/html/portal/build/mysql-connector-odbc/build/CMakeFiles/CMakeTmp'
Building C object CMakeFiles/cmTC_f8066.dir/HAVE_NUMAIF_H.c.o
/usr/bin/cc -D_FILE_OFFSET_BITS=64 -D_GNU_SOURCE -D__STDC_CONSTANT_MACROS -D__STDC_FORMAT_MACROS -D__STDC_LIMIT_MACROS   -o CMakeFiles/cmTC_f8066.dir/HAVE_NUMAIF_H.c.o -c /var/www/html/portal/build/mysql-connector-odbc/build/CMakeFiles/CheckIncludeFiles/HAVE_NUMAIF_H.c
Linking C executable cmTC_f8066
/usr/bin/cmake -E cmake_link_script CMakeFiles/cmTC_f8066.dir/link.txt --verbose=1
/usr/bin/cc -rdynamic CMakeFiles/cmTC_f8066.dir/HAVE_NUMAIF_H.c.o -o cmTC_f8066 
gmake[1]: Leaving directory '/var/www/html/portal/build/mysql-connector-odbc/build/CMakeFiles/CMakeTmp'



Performing C SOURCE FILE Test HAVE_LIBNUMA succeeded with the following output:
Change Dir: /var/www/html/portal/build/mysql-connector-odbc/build/CMakeFiles/CMakeTmp

Run Build Command(s):/usr/bin/gmake -f Makefile cmTC_33498/fast && /usr/bin/gmake  -f CMakeFiles/cmTC_33498.dir/build.make CMakeFiles/cmTC_33498.dir/build
gmake[1]: Entering directory '/var/www/html/portal/build/mysql-connector-odbc/build/CMakeFiles/CMakeTmp'
Building C object CMakeFiles/cmTC_33498.dir/src.c.o
/usr/bin/cc -DHAVE_LIBNUMA -D_FILE_OFFSET_BITS=64 -D_GNU_SOURCE -D__STDC_CONSTANT_MACROS -D__STDC_FORMAT_MACROS -D__STDC_LIMIT_MACROS   -o CMakeFiles/cmTC_33498.dir/src.c.o -c /var/www/html/portal/build/mysql-connector-odbc/build/CMakeFiles/CMakeTmp/src.c
Linking C executable cmTC_33498
/usr/bin/cmake -E cmake_link_script CMakeFiles/cmTC_33498.dir/link.txt --verbose=1
/usr/bin/cc -rdynamic CMakeFiles/cmTC_33498.dir/src.c.o -o cmTC_33498  -lm -lcrypt -latomic -lnuma 
gmake[1]: Leaving directory '/var/www/html/portal/build/mysql-connector-odbc/build/CMakeFiles/CMakeTmp'


Source file was:

    #include <numa.h>
    #include <numaif.h>
    int main()
    {
       struct bitmask *all_nodes= numa_all_nodes_ptr;
       set_mempolicy(MPOL_DEFAULT, 0, 0);
       return all_nodes != NULL;
    }
Determining if files sql.h exist passed with the following output:
Change Dir: /var/www/html/portal/build/mysql-connector-odbc/build/CMakeFiles/CMakeTmp

Run Build Command(s):/usr/bin/gmake -f Makefile cmTC_30551/fast && /usr/bin/gmake  -f CMakeFiles/cmTC_30551.dir/build.make CMakeFiles/cmTC_30551.dir/build
gmake[1]: Entering directory '/var/www/html/portal/build/mysql-connector-odbc/build/CMakeFiles/CMakeTmp'
Building C object CMakeFiles/cmTC_30551.dir/HAVE_SQL_H.c.o
/usr/bin/cc -D_FILE_OFFSET_BITS=64 -D_GNU_SOURCE -D__STDC_CONSTANT_MACROS -D__STDC_FORMAT_MACROS -D__STDC_LIMIT_MACROS   -o CMakeFiles/cmTC_30551.dir/HAVE_SQL_H.c.o -c /var/www/html/portal/build/mysql-connector-odbc/build/CMakeFiles/CheckIncludeFiles/HAVE_SQL_H.c
Linking C executable cmTC_30551
/usr/bin/cmake -E cmake_link_script CMakeFiles/cmTC_30551.dir/link.txt --verbose=1
/usr/bin/cc -rdynamic CMakeFiles/cmTC_30551.dir/HAVE_SQL_H.c.o -o cmTC_30551 
gmake[1]: Leaving directory '/var/www/html/portal/build/mysql-connector-odbc/build/CMakeFiles/CMakeTmp'



Determining if the function SQLConnect exists in the odbc passed with the following output:
Change Dir: /var/www/html/portal/build/mysql-connector-odbc/build/CMakeFiles/CMakeTmp

Run Build Command(s):/usr/bin/gmake -f Makefile cmTC_459d1/fast && /usr/bin/gmake  -f CMakeFiles/cmTC_459d1.dir/build.make CMakeFiles/cmTC_459d1.dir/build
gmake[1]: Entering directory '/var/www/html/portal/build/mysql-connector-odbc/build/CMakeFiles/CMakeTmp'
Building C object CMakeFiles/cmTC_459d1.dir/CheckFunctionExists.c.o
/usr/bin/cc -D_FILE_OFFSET_BITS=64 -D_GNU_SOURCE -D__STDC_CONSTANT_MACROS -D__STDC_FORMAT_MACROS -D__STDC_LIMIT_MACROS  -DCHECK_FUNCTION_EXISTS=SQLConnect -o CMakeFiles/cmTC_459d1.dir/CheckFunctionExists.c.o -c /usr/share/cmake-3.22/Modules/CheckFunctionExists.c
Linking C executable cmTC_459d1
/usr/bin/cmake -E cmake_link_script CMakeFiles/cmTC_459d1.dir/link.txt --verbose=1
/usr/bin/cc  -DCHECK_FUNCTION_EXISTS=SQLConnect -rdynamic CMakeFiles/cmTC_459d1.dir/CheckFunctionExists.c.o -o cmTC_459d1  -lodbc -lm -lcrypt -latomic 
gmake[1]: Leaving directory '/var/www/html/portal/build/mysql-connector-odbc/build/CMakeFiles/CMakeTmp'



